ID,name,category,reassigned_category,type,RMSE,RMSE_lower_bound,RMSE_upper_bound,MAE,MAE_lower_bound,MAE_upper_bound,ME,ME_lower_bound,ME_upper_bound,R2,R2_lower_bound,R2_upper_bound,m,m_lower_bound,m_upper_bound,kendall_tau,kendall_tau_lower_bound,kendall_tau_upper_bound,ES,ES_lower_bound,ES_upper_bound
SGA28,GROVER,Empirical,Empirical,Standard,0.3026983907943247,0.2039865836661555,0.39039790767342686,0.2321052631578948,0.14842105263157906,0.32263157894736844,-0.07947368421052635,-0.21052631578947373,0.04842105263157894,0.2462525297325322,0.016785747675120956,0.5769846818340433,0.11351370182387256,0.027296857420616466,0.20786200769914065,0.25230800376163204,-0.11287984482460205,0.559627305403629,-0.0,-0.0,-0.0
QWO91,permeability-prediction-Attentive FP,Empirical,Empirical,Standard,0.5495883627052638,0.42166337284616034,0.6579233677980565,0.4678947368421053,0.33789473684210536,0.5973684210526318,0.3542105263157895,0.16000000000000006,0.5378947368421053,0.056250197588481037,0.00020713716735510715,0.28738522855972326,0.26362544953666245,-0.12124895335332078,0.7050861177317087,0.12352941176470586,-0.18238993710691823,0.4075255133426093,-0.0,-0.0,-0.0
