{"SGA28":{"name":"GROVER","category":"Empirical","reassigned_category":"Empirical","type":"Standard","RMSE":0.3026983908,"RMSE_lower_bound":0.2031592582,"RMSE_upper_bound":0.3923009049,"MAE":0.2321052632,"MAE_lower_bound":0.1478947368,"MAE_upper_bound":0.3236842105,"ME":-0.0794736842,"ME_lower_bound":-0.2152631579,"ME_upper_bound":0.0473684211,"R2":0.2462525297,"R2_lower_bound":0.0142273484,"R2_upper_bound":0.5751799373,"m":0.1135137018,"m_lower_bound":0.0232040138,"m_upper_bound":0.2094442915,"kendall_tau":0.2523080038,"kendall_tau_lower_bound":-0.1093705652,"kendall_tau_upper_bound":0.54662662,"ES":0.0,"ES_lower_bound":0.0,"ES_upper_bound":0.0},"QWO91":{"name":"permeability-prediction-Attentive FP","category":"Empirical","reassigned_category":"Empirical","type":"Standard","RMSE":0.5495883627,"RMSE_lower_bound":0.424673249,"RMSE_upper_bound":0.6595772171,"MAE":0.4678947368,"MAE_lower_bound":0.3431578947,"MAE_upper_bound":0.6,"ME":0.3542105263,"ME_lower_bound":0.1689473684,"ME_upper_bound":0.5431578947,"R2":0.0562501976,"R2_lower_bound":0.0001836856,"R2_upper_bound":0.2964575554,"m":0.2636254495,"m_lower_bound":-0.1192792298,"m_upper_bound":0.7163456776,"kendall_tau":0.1235294118,"kendall_tau_lower_bound":-0.1875,"kendall_tau_upper_bound":0.4181818182,"ES":0.0,"ES_lower_bound":0.0,"ES_upper_bound":0.0}}