ID,name,category,reassigned_category,type,RMSE,RMSE_lower_bound,RMSE_upper_bound,MAE,MAE_lower_bound,MAE_upper_bound,ME,ME_lower_bound,ME_upper_bound,R2,R2_lower_bound,R2_upper_bound,m,m_lower_bound,m_upper_bound,kendall_tau,kendall_tau_lower_bound,kendall_tau_upper_bound,ES,ES_lower_bound,ES_upper_bound
SGA28,GROVER,Empirical,Empirical,Standard,0.3026983907943247,0.20533669398024534,0.39258924563654785,0.2321052631578948,0.14894736842105277,0.32315789473684225,-0.07947368421052635,-0.21157894736842117,0.050526315789473586,0.2462525297325322,0.014885939665798605,0.5849170035620164,0.11351370182387256,0.025395054502889765,0.20717709532648756,0.25230800376163204,-0.11078234188139946,0.5537488660374905,-0.0,-0.0,-0.0
QWO91,permeability-prediction-Attentive FP,Empirical,Empirical,Standard,0.5495883627052638,0.4209763088721015,0.6612428489315841,0.4678947368421053,0.3384210526315789,0.603157894736842,0.3542105263157895,0.16526315789473683,0.5431578947368422,0.056250197588481037,0.00022561789495604924,0.29121707762149834,0.26362544953666245,-0.12849985607704922,0.699413787920318,0.12352941176470586,-0.18238993710691823,0.40880503144654085,-0.0,-0.0,-0.0
