{"SGA28":{"name":"GROVER","category":"Empirical","reassigned_category":"Empirical","type":"Standard","RMSE":0.3026983908,"RMSE_lower_bound":0.2033405233,"RMSE_upper_bound":0.3912194162,"MAE":0.2321052632,"MAE_lower_bound":0.1484210526,"MAE_upper_bound":0.3221052632,"ME":-0.0794736842,"ME_lower_bound":-0.2136842105,"ME_upper_bound":0.0478947368,"R2":0.2462525297,"R2_lower_bound":0.0132299395,"R2_upper_bound":0.5822619141,"m":0.1135137018,"m_lower_bound":0.0229967008,"m_upper_bound":0.2099415056,"kendall_tau":0.2523080038,"kendall_tau_lower_bound":-0.1261986643,"kendall_tau_upper_bound":0.5543200649,"ES":0.0,"ES_lower_bound":0.0,"ES_upper_bound":0.0},"QWO91":{"name":"permeability-prediction-Attentive FP","category":"Empirical","reassigned_category":"Empirical","type":"Standard","RMSE":0.5495883627,"RMSE_lower_bound":0.4229594979,"RMSE_upper_bound":0.6583871841,"MAE":0.4678947368,"MAE_lower_bound":0.3405263158,"MAE_upper_bound":0.5963157895,"ME":0.3542105263,"ME_lower_bound":0.1663157895,"ME_upper_bound":0.5405263158,"R2":0.0562501976,"R2_lower_bound":0.0002428279,"R2_upper_bound":0.29845867,"m":0.2636254495,"m_lower_bound":-0.1261370837,"m_upper_bound":0.7284020076,"kendall_tau":0.1235294118,"kendall_tau_lower_bound":-0.1830417261,"kendall_tau_upper_bound":0.4135881267,"ES":0.0,"ES_lower_bound":0.0,"ES_upper_bound":0.0}}