method name,file name,category,type,RMSE,RMSE_lower_bound,RMSE_upper_bound,MAE,MAE_lower_bound,MAE_upper_bound,ME,ME_lower_bound,ME_upper_bound,R2,R2_lower_bound,R2_upper_bound,m,m_lower_bound,m_upper_bound,kendall_tau,kendall_tau_lower_bound,kendall_tau_upper_bound,ES,ES_lower_bound,ES_upper_bound
GROVER,permeability-dddc-2,Empirical,Standard,0.3026983907943247,0.20657609786837947,0.3900000000000002,0.2321052631578948,0.15052631578947365,0.32368421052631574,-0.07947368421052635,-0.21263157894736848,0.047894736842105226,0.2462525297325322,0.014324311440252526,0.5835559907698628,0.11351370182387256,0.025283774254453027,0.20538278266906448,0.25230800376163204,-0.11804865044111154,0.5524505524508286,-0.0,-0.0,-0.0
Attentive FP,permeability-dddc-1,Empirical,Standard,0.5495883627052638,0.4195611742611182,0.6597407784401704,0.4678947368421053,0.33894736842105266,0.5989473684210526,0.3542105263157895,0.15947368421052638,0.5405263157894736,0.056250197588481037,0.00023318534468677357,0.2819192601370262,0.26362544953666245,-0.11946902654867268,0.7088249207964796,0.12352941176470586,-0.17791411042944785,0.4089477740347334,-0.0,-0.0,-0.0
