{"SGA28":{"name":"GROVER","category":"Empirical","reassigned_category":"Empirical","type":"Standard","RMSE":0.3026983908,"RMSE_lower_bound":0.2053495095,"RMSE_upper_bound":0.3908560106,"MAE":0.2321052632,"MAE_lower_bound":0.1494736842,"MAE_upper_bound":0.3231578947,"ME":-0.0794736842,"ME_lower_bound":-0.2110526316,"ME_upper_bound":0.0468421053,"R2":0.2462525297,"R2_lower_bound":0.0137282686,"R2_upper_bound":0.5845244074,"m":0.1135137018,"m_lower_bound":0.0241180809,"m_upper_bound":0.2086376216,"kendall_tau":0.2523080038,"kendall_tau_lower_bound":-0.1254220498,"kendall_tau_upper_bound":0.555127613,"ES":0.0,"ES_lower_bound":0.0,"ES_upper_bound":0.0},"QWO91":{"name":"permeability-prediction-Attentive FP","category":"Empirical","reassigned_category":"Empirical","type":"Standard","RMSE":0.5495883627,"RMSE_lower_bound":0.4223929326,"RMSE_upper_bound":0.660426497,"MAE":0.4678947368,"MAE_lower_bound":0.34,"MAE_upper_bound":0.5989473684,"ME":0.3542105263,"ME_lower_bound":0.1610526316,"ME_upper_bound":0.5405263158,"R2":0.0562501976,"R2_lower_bound":0.0001846729,"R2_upper_bound":0.2925241958,"m":0.2636254495,"m_lower_bound":-0.1195536892,"m_upper_bound":0.7045489216,"kendall_tau":0.1235294118,"kendall_tau_lower_bound":-0.1829662101,"kendall_tau_upper_bound":0.4099457959,"ES":0.0,"ES_lower_bound":0.0,"ES_upper_bound":0.0}}