method name,file name,category,type,RMSE,RMSE_lower_bound,RMSE_upper_bound,MAE,MAE_lower_bound,MAE_upper_bound,ME,ME_lower_bound,ME_upper_bound,R2,R2_lower_bound,R2_upper_bound,m,m_lower_bound,m_upper_bound,kendall_tau,kendall_tau_lower_bound,kendall_tau_upper_bound,ES,ES_lower_bound,ES_upper_bound
GROVER,permeability-dddc-2,Empirical,Standard,0.3026983907943247,0.20343109527875955,0.3921667207223291,0.2321052631578948,0.14842105263157893,0.323684210526316,-0.07947368421052635,-0.2126315789473685,0.047894736842105226,0.2462525297325322,0.014624554724380241,0.5755372006953324,0.11351370182387256,0.02591333039812549,0.20882274587682478,0.25230800376163204,-0.1180146988124889,0.5542430641421323,-0.0,-0.0,-0.0
Attentive FP,permeability-dddc-1,Empirical,Standard,0.5495883627052638,0.41954862963854256,0.6590263951266931,0.4678947368421053,0.3363157894736843,0.5968421052631578,0.3542105263157895,0.16421052631578945,0.5415789473684212,0.056250197588481037,0.00018238982548532962,0.2947274113554156,0.26362544953666245,-0.12895688210916167,0.7124444054307137,0.12352941176470586,-0.18471337579617836,0.41337576970244394,-0.0,-0.0,-0.0
