ID,name,category,reassigned_category,type,RMSE,RMSE_lower_bound,RMSE_upper_bound,MAE,MAE_lower_bound,MAE_upper_bound,ME,ME_lower_bound,ME_upper_bound,R2,R2_lower_bound,R2_upper_bound,m,m_lower_bound,m_upper_bound,kendall_tau,kendall_tau_lower_bound,kendall_tau_upper_bound,ES,ES_lower_bound,ES_upper_bound
SGA28,GROVER,Empirical,Empirical,Standard,0.3026983907943247,0.20343109527875972,0.39230090491866076,0.2321052631578948,0.14947368421052626,0.32368421052631563,-0.07947368421052635,-0.21315789473684232,0.046315789473684255,0.2462525297325322,0.013851626141881169,0.5808936622491638,0.11351370182387256,0.02569249297470904,0.20650377054038893,0.25230800376163204,-0.11802152895971878,0.5572995801953287,-0.0,-0.0,-0.0
QWO91,permeability-prediction-Attentive FP,Empirical,Empirical,Standard,0.5495883627052638,0.42116380111355856,0.6571109014786661,0.4678947368421053,0.33842105263157907,0.5968421052631578,0.3542105263157895,0.16368421052631565,0.5389473684210526,0.056250197588481037,0.0002225497464215643,0.28699388623279415,0.26362544953666245,-0.1232027764005949,0.7011996674189326,0.12352941176470586,-0.18185269078938712,0.40883737617571936,-0.0,-0.0,-0.0
