ID,name,category,reassigned_category,type,RMSE,RMSE_lower_bound,RMSE_upper_bound,MAE,MAE_lower_bound,MAE_upper_bound,ME,ME_lower_bound,ME_upper_bound,R2,R2_lower_bound,R2_upper_bound,m,m_lower_bound,m_upper_bound,kendall_tau,kendall_tau_lower_bound,kendall_tau_upper_bound,ES,ES_lower_bound,ES_upper_bound
SGA28,GROVER,Empirical,Empirical,Standard,0.3026983907943247,0.20315925824467465,0.3923009049186606,0.2321052631578948,0.14789473684210533,0.32368421052631596,-0.07947368421052635,-0.2152631578947368,0.04736842105263164,0.2462525297325322,0.014227348383212315,0.5751799373109303,0.11351370182387256,0.023204013829412264,0.20944429152521585,0.25230800376163204,-0.10937056518918296,0.5466266200103024,-0.0,-0.0,-0.0
QWO91,permeability-prediction-Attentive FP,Empirical,Empirical,Standard,0.5495883627052638,0.4246732490056946,0.6595772170588958,0.4678947368421053,0.3431578947368421,0.5999999999999999,0.3542105263157895,0.16894736842105268,0.5431578947368422,0.056250197588481037,0.00018368561313622083,0.2964575554325302,0.26362544953666245,-0.11927922982164833,0.7163456775734973,0.12352941176470586,-0.1875,0.41818181818181815,-0.0,-0.0,-0.0
