ID,name,category,reassigned_category,type,RMSE,RMSE_lower_bound,RMSE_upper_bound,MAE,MAE_lower_bound,MAE_upper_bound,ME,ME_lower_bound,ME_upper_bound,R2,R2_lower_bound,R2_upper_bound,m,m_lower_bound,m_upper_bound,kendall_tau,kendall_tau_lower_bound,kendall_tau_upper_bound,ES,ES_lower_bound,ES_upper_bound
SGA28,GROVER,Empirical,Empirical,Standard,0.3026983907943247,0.20649964954730024,0.3914816659012809,0.2321052631578948,0.14947368421052631,0.3231578947368422,-0.07947368421052635,-0.2147368421052632,0.046315789473684206,0.2462525297325322,0.014028187803614435,0.5750656669619005,0.11351370182387256,0.024659544836673587,0.2064199017737036,0.25230800376163204,-0.12308632503699579,0.5524505524508286,-0.0,-0.0,-0.0
QWO91,permeability-prediction-Attentive FP,Empirical,Empirical,Standard,0.5495883627052638,0.42468564225417615,0.658714857246969,0.4678947368421053,0.3421052631578948,0.5973684210526315,0.3542105263157895,0.1657894736842106,0.5373684210526316,0.056250197588481037,0.00018279936415173888,0.29166627530913014,0.26362544953666245,-0.12487363100252839,0.6983945826675791,0.12352941176470586,-0.18987341772151897,0.4086863588099077,-0.0,-0.0,-0.0
