{"SGA28":{"name":"GROVER","category":"Empirical","reassigned_category":"Empirical","type":"Standard","RMSE":0.3026983908,"RMSE_lower_bound":0.2049004893,"RMSE_upper_bound":0.3911454165,"MAE":0.2321052632,"MAE_lower_bound":0.1505263158,"MAE_upper_bound":0.3231578947,"ME":-0.0794736842,"ME_lower_bound":-0.2126315789,"ME_upper_bound":0.0484210526,"R2":0.2462525297,"R2_lower_bound":0.0151384115,"R2_upper_bound":0.5846574468,"m":0.1135137018,"m_lower_bound":0.0256413312,"m_upper_bound":0.2084982992,"kendall_tau":0.2523080038,"kendall_tau_lower_bound":-0.1299386347,"kendall_tau_upper_bound":0.5534009288,"ES":0.0,"ES_lower_bound":0.0,"ES_upper_bound":0.0},"QWO91":{"name":"permeability-prediction-Attentive FP","category":"Empirical","reassigned_category":"Empirical","type":"Standard","RMSE":0.5495883627,"RMSE_lower_bound":0.4212575159,"RMSE_upper_bound":0.6608288257,"MAE":0.4678947368,"MAE_lower_bound":0.3389473684,"MAE_upper_bound":0.6005263158,"ME":0.3542105263,"ME_lower_bound":0.1610526316,"ME_upper_bound":0.5389473684,"R2":0.0562501976,"R2_lower_bound":0.0002172667,"R2_upper_bound":0.2904041762,"m":0.2636254495,"m_lower_bound":-0.1132070583,"m_upper_bound":0.7164374926,"kendall_tau":0.1235294118,"kendall_tau_lower_bound":-0.1801000834,"kendall_tau_upper_bound":0.4088050314,"ES":0.0,"ES_lower_bound":0.0,"ES_upper_bound":0.0}}