{"SGA28":{"name":"GROVER","category":"Empirical","reassigned_category":"Empirical","type":"Standard","RMSE":0.3026983908,"RMSE_lower_bound":0.2031203947,"RMSE_upper_bound":0.3914413312,"MAE":0.2321052632,"MAE_lower_bound":0.1463157895,"MAE_upper_bound":0.3236842105,"ME":-0.0794736842,"ME_lower_bound":-0.2142105263,"ME_upper_bound":0.0526315789,"R2":0.2462525297,"R2_lower_bound":0.0145911481,"R2_upper_bound":0.5849102677,"m":0.1135137018,"m_lower_bound":0.025626821,"m_upper_bound":0.2114624506,"kendall_tau":0.2523080038,"kendall_tau_lower_bound":-0.1154225646,"kendall_tau_upper_bound":0.5568705611,"ES":0.0,"ES_lower_bound":0.0,"ES_upper_bound":0.0},"QWO91":{"name":"permeability-prediction-Attentive FP","category":"Empirical","reassigned_category":"Empirical","type":"Standard","RMSE":0.5495883627,"RMSE_lower_bound":0.4232082976,"RMSE_upper_bound":0.658091339,"MAE":0.4678947368,"MAE_lower_bound":0.34,"MAE_upper_bound":0.5968421053,"ME":0.3542105263,"ME_lower_bound":0.1621052632,"ME_upper_bound":0.54,"R2":0.0562501976,"R2_lower_bound":0.0002006553,"R2_upper_bound":0.2955918706,"m":0.2636254495,"m_lower_bound":-0.1191671132,"m_upper_bound":0.7150407464,"kendall_tau":0.1235294118,"kendall_tau_lower_bound":-0.1823716631,"kendall_tau_upper_bound":0.4074074074,"ES":0.0,"ES_lower_bound":0.0,"ES_upper_bound":0.0}}