{"NULL2":{"name":"GROVER","category":"Empirical","reassigned_category":"Empirical","type":"Standard","RMSE":0.3026983908,"RMSE_lower_bound":0.2043217277,"RMSE_upper_bound":0.3925222086,"MAE":0.2321052632,"MAE_lower_bound":0.1484210526,"MAE_upper_bound":0.3252631579,"ME":-0.0794736842,"ME_lower_bound":-0.2152631579,"ME_upper_bound":0.0484210526,"R2":0.2462525297,"R2_lower_bound":0.0122676633,"R2_upper_bound":0.5850768061,"m":0.1135137018,"m_lower_bound":0.0211138012,"m_upper_bound":0.2076351431,"kendall_tau":0.2523080038,"kendall_tau_lower_bound":-0.132637071,"kendall_tau_upper_bound":0.5535576611,"ES":0.0,"ES_lower_bound":0.0,"ES_upper_bound":0.0},"SGA28":{"name":"GROVER","category":"Empirical","reassigned_category":"Empirical","type":"Standard","RMSE":0.3026983908,"RMSE_lower_bound":0.2029907957,"RMSE_upper_bound":0.3914144391,"MAE":0.2321052632,"MAE_lower_bound":0.1484210526,"MAE_upper_bound":0.3231578947,"ME":-0.0794736842,"ME_lower_bound":-0.2152631579,"ME_upper_bound":0.0505263158,"R2":0.2462525297,"R2_lower_bound":0.0140099999,"R2_upper_bound":0.5861998264,"m":0.1135137018,"m_lower_bound":0.0234893591,"m_upper_bound":0.2113941256,"kendall_tau":0.2523080038,"kendall_tau_lower_bound":-0.1230821669,"kendall_tau_upper_bound":0.5514633642,"ES":0.0,"ES_lower_bound":0.0,"ES_upper_bound":0.0},"REF28":{"name":"GROVER","category":"Empirical","reassigned_category":"Empirical","type":"Standard","RMSE":0.3026983908,"RMSE_lower_bound":0.2041928913,"RMSE_upper_bound":0.3884652663,"MAE":0.2321052632,"MAE_lower_bound":0.1494736842,"MAE_upper_bound":0.3210526316,"ME":-0.0794736842,"ME_lower_bound":-0.2168421053,"ME_upper_bound":0.0463157895,"R2":0.2462525297,"R2_lower_bound":0.0148318739,"R2_upper_bound":0.5800179039,"m":0.1135137018,"m_lower_bound":0.0240589471,"m_upper_bound":0.2075078072,"kendall_tau":0.2523080038,"kendall_tau_lower_bound":-0.1261886163,"kendall_tau_upper_bound":0.5544826241,"ES":0.0,"ES_lower_bound":0.0,"ES_upper_bound":0.0},"QWO91":{"name":"permeability-prediction-Attentive FP","category":"Empirical","reassigned_category":"Empirical","type":"Standard","RMSE":0.5495883627,"RMSE_lower_bound":0.4204070709,"RMSE_upper_bound":0.658547045,"MAE":0.4678947368,"MAE_lower_bound":0.3378947368,"MAE_upper_bound":0.5978947368,"ME":0.3542105263,"ME_lower_bound":0.1657894737,"ME_upper_bound":0.5363157895,"R2":0.0562501976,"R2_lower_bound":0.0002488849,"R2_upper_bound":0.2846160745,"m":0.2636254495,"m_lower_bound":-0.1238048404,"m_upper_bound":0.7041191702,"kendall_tau":0.1235294118,"kendall_tau_lower_bound":-0.1795019321,"kendall_tau_upper_bound":0.397523196,"ES":0.0,"ES_lower_bound":0.0,"ES_upper_bound":0.0}}