method name,file name,category,type,RMSE,RMSE_lower_bound,RMSE_upper_bound,MAE,MAE_lower_bound,MAE_upper_bound,ME,ME_lower_bound,ME_upper_bound,R2,R2_lower_bound,R2_upper_bound,m,m_lower_bound,m_upper_bound,kendall_tau,kendall_tau_lower_bound,kendall_tau_upper_bound,ES,ES_lower_bound,ES_upper_bound
GROVER,permeability-dddc-2,Empirical,Standard,0.3026983907943247,0.2045534288716712,0.39002024238965366,0.2321052631578948,0.14894736842105263,0.3226315789473685,-0.07947368421052635,-0.21157894736842117,0.04999999999999996,0.2462525297325322,0.014097801222131815,0.5875978026446347,0.11351370182387256,0.02365428354814299,0.20770602721641068,0.25230800376163204,-0.12500976676955822,0.5542413206884177,-0.0,-0.0,-0.0
Attentive FP,permeability-dddc-1,Empirical,Standard,0.5495883627052638,0.421088814234817,0.6614258919382547,0.4678947368421053,0.3405263157894738,0.6005263157894737,0.3542105263157895,0.1636842105263159,0.5410526315789475,0.056250197588481037,0.00019677847943681096,0.29046449599225893,0.26362544953666245,-0.11479825352817646,0.7243941125702686,0.12352941176470586,-0.1794871794871795,0.4125,-0.0,-0.0,-0.0
