ID,name,category,reassigned_category,type,RMSE,RMSE_lower_bound,RMSE_upper_bound,MAE,MAE_lower_bound,MAE_upper_bound,ME,ME_lower_bound,ME_upper_bound,R2,R2_lower_bound,R2_upper_bound,m,m_lower_bound,m_upper_bound,kendall_tau,kendall_tau_lower_bound,kendall_tau_upper_bound,ES,ES_lower_bound,ES_upper_bound
SGA28,GROVER,Empirical,Empirical,Standard,0.3026983907943247,0.20412844253712303,0.3888241383020296,0.2321052631578948,0.1489473684210527,0.32157894736842113,-0.07947368421052635,-0.20947368421052642,0.04999999999999987,0.2462525297325322,0.015207779009278909,0.5767582535019384,0.11351370182387256,0.023758125994547543,0.20512071237301774,0.25230800376163204,-0.1246111965698067,0.5489204808235123,-0.0,-0.0,-0.0
QWO91,permeability-prediction-Attentive FP,Empirical,Empirical,Standard,0.5495883627052638,0.42175073705984956,0.6585230683726633,0.4678947368421053,0.3389473684210525,0.5978947368421054,0.3542105263157895,0.16157894736842107,0.5421052631578948,0.056250197588481037,0.00020900784415666768,0.2832499279501923,0.26362544953666245,-0.12301554702101,0.7024466679026599,0.12352941176470586,-0.1840525434580776,0.4038544514012209,-0.0,-0.0,-0.0
