ID,name,category,reassigned_category,type,RMSE,RMSE_lower_bound,RMSE_upper_bound,MAE,MAE_lower_bound,MAE_upper_bound,ME,ME_lower_bound,ME_upper_bound,R2,R2_lower_bound,R2_upper_bound,m,m_lower_bound,m_upper_bound,kendall_tau,kendall_tau_lower_bound,kendall_tau_upper_bound,ES,ES_lower_bound,ES_upper_bound
SGA28,GROVER,Empirical,Empirical,Standard,0.3026983907943247,0.20439899062476105,0.39192507339783056,0.2321052631578948,0.14789473684210544,0.3247368421052631,-0.07947368421052635,-0.2131578947368421,0.04684210526315797,0.2462525297325322,0.014763624480214656,0.5799276993909996,0.11351370182387256,0.02608630668611417,0.20885049719475954,0.25230800376163204,-0.12347037066613363,0.554966465890298,-0.0,-0.0,-0.0
QWO91,permeability-prediction-Attentive FP,Empirical,Empirical,Standard,0.5495883627052638,0.4218256062702491,0.6592858975716392,0.4678947368421053,0.3399999999999999,0.5968421052631578,0.3542105263157895,0.16157894736842102,0.54,0.056250197588481037,0.00018564191764541943,0.28600790727411224,0.26362544953666245,-0.12144283259199334,0.7096617359802434,0.12352941176470586,-0.18349396085439343,0.40771775315010045,-0.0,-0.0,-0.0
