ID,name,category,reassigned_category,type,RMSE,RMSE_lower_bound,RMSE_upper_bound,MAE,MAE_lower_bound,MAE_upper_bound,ME,ME_lower_bound,ME_upper_bound,R2,R2_lower_bound,R2_upper_bound,m,m_lower_bound,m_upper_bound,kendall_tau,kendall_tau_lower_bound,kendall_tau_upper_bound,ES,ES_lower_bound,ES_upper_bound
SGA28,GROVER,Empirical,Empirical,Standard,0.3026983907943247,0.2049004893266869,0.39114541649123963,0.2321052631578948,0.15052631578947362,0.3231578947368421,-0.07947368421052635,-0.21263157894736856,0.04842105263157894,0.2462525297325322,0.015138411458922805,0.5846574467985497,0.11351370182387256,0.025641331156838962,0.2084982992248927,0.25230800376163204,-0.12993863472770914,0.5534009287954967,-0.0,-0.0,-0.0
QWO91,permeability-prediction-Attentive FP,Empirical,Empirical,Standard,0.5495883627052638,0.4212575159410716,0.6608288256743233,0.4678947368421053,0.33894736842105266,0.6005263157894737,0.3542105263157895,0.16105263157894725,0.5389473684210526,0.056250197588481037,0.00021726674884104893,0.29040417620694076,0.26362544953666245,-0.11320705827481692,0.7164374926125845,0.12352941176470586,-0.1801000834105689,0.40880503144654085,-0.0,-0.0,-0.0
