{"SGA28":{"name":"GROVER","category":"Empirical","reassigned_category":"Empirical","type":"Standard","RMSE":0.3026983908,"RMSE_lower_bound":0.2041284425,"RMSE_upper_bound":0.3888241383,"MAE":0.2321052632,"MAE_lower_bound":0.1489473684,"MAE_upper_bound":0.3215789474,"ME":-0.0794736842,"ME_lower_bound":-0.2094736842,"ME_upper_bound":0.05,"R2":0.2462525297,"R2_lower_bound":0.015207779,"R2_upper_bound":0.5767582535,"m":0.1135137018,"m_lower_bound":0.023758126,"m_upper_bound":0.2051207124,"kendall_tau":0.2523080038,"kendall_tau_lower_bound":-0.1246111966,"kendall_tau_upper_bound":0.5489204808,"ES":0.0,"ES_lower_bound":0.0,"ES_upper_bound":0.0},"QWO91":{"name":"permeability-prediction-Attentive FP","category":"Empirical","reassigned_category":"Empirical","type":"Standard","RMSE":0.5495883627,"RMSE_lower_bound":0.4217507371,"RMSE_upper_bound":0.6585230684,"MAE":0.4678947368,"MAE_lower_bound":0.3389473684,"MAE_upper_bound":0.5978947368,"ME":0.3542105263,"ME_lower_bound":0.1615789474,"ME_upper_bound":0.5421052632,"R2":0.0562501976,"R2_lower_bound":0.0002090078,"R2_upper_bound":0.283249928,"m":0.2636254495,"m_lower_bound":-0.123015547,"m_upper_bound":0.7024466679,"kendall_tau":0.1235294118,"kendall_tau_lower_bound":-0.1840525435,"kendall_tau_upper_bound":0.4038544514,"ES":0.0,"ES_lower_bound":0.0,"ES_upper_bound":0.0}}