{"SGA28":{"name":"GROVER","category":"Empirical","reassigned_category":"Empirical","type":"Standard","RMSE":0.3026983908,"RMSE_lower_bound":0.2043989906,"RMSE_upper_bound":0.3919250734,"MAE":0.2321052632,"MAE_lower_bound":0.1478947368,"MAE_upper_bound":0.3247368421,"ME":-0.0794736842,"ME_lower_bound":-0.2131578947,"ME_upper_bound":0.0468421053,"R2":0.2462525297,"R2_lower_bound":0.0147636245,"R2_upper_bound":0.5799276994,"m":0.1135137018,"m_lower_bound":0.0260863067,"m_upper_bound":0.2088504972,"kendall_tau":0.2523080038,"kendall_tau_lower_bound":-0.1234703707,"kendall_tau_upper_bound":0.5549664659,"ES":0.0,"ES_lower_bound":0.0,"ES_upper_bound":0.0},"QWO91":{"name":"permeability-prediction-Attentive FP","category":"Empirical","reassigned_category":"Empirical","type":"Standard","RMSE":0.5495883627,"RMSE_lower_bound":0.4218256063,"RMSE_upper_bound":0.6592858976,"MAE":0.4678947368,"MAE_lower_bound":0.34,"MAE_upper_bound":0.5968421053,"ME":0.3542105263,"ME_lower_bound":0.1615789474,"ME_upper_bound":0.54,"R2":0.0562501976,"R2_lower_bound":0.0001856419,"R2_upper_bound":0.2860079073,"m":0.2636254495,"m_lower_bound":-0.1214428326,"m_upper_bound":0.709661736,"kendall_tau":0.1235294118,"kendall_tau_lower_bound":-0.1834939609,"kendall_tau_upper_bound":0.4077177532,"ES":0.0,"ES_lower_bound":0.0,"ES_upper_bound":0.0}}