method name,file name,category,type,RMSE,RMSE_lower_bound,RMSE_upper_bound,MAE,MAE_lower_bound,MAE_upper_bound,ME,ME_lower_bound,ME_upper_bound,R2,R2_lower_bound,R2_upper_bound,m,m_lower_bound,m_upper_bound,kendall_tau,kendall_tau_lower_bound,kendall_tau_upper_bound,ES,ES_lower_bound,ES_upper_bound
GROVER,permeability-dddc-2,Empirical,Standard,0.3026983907943247,0.2029518999275703,0.38927733315113944,0.2321052631578948,0.1478947368421053,0.32000000000000006,-0.07947368421052635,-0.21263157894736856,0.05105263157894731,0.2462525297325322,0.01432539870426721,0.5820375290316673,0.11351370182387256,0.023884392835667827,0.2114371130122413,0.25230800376163204,-0.12298314258526442,0.5585712233853467,-0.0,-0.0,-0.0
Attentive FP,permeability-dddc-1,Empirical,Standard,0.5495883627052638,0.4190465367951394,0.6572230255120083,0.4678947368421053,0.33736842105263176,0.5947368421052631,0.3542105263157895,0.1589473684210527,0.538421052631579,0.056250197588481037,0.00020631874878144203,0.29128511829595705,0.26362544953666245,-0.12754714968171785,0.7160741415982986,0.12352941176470586,-0.18987341772151897,0.4074074074074074,-0.0,-0.0,-0.0
