ID,name,category,reassigned_category,type,RMSE,RMSE_lower_bound,RMSE_upper_bound,MAE,MAE_lower_bound,MAE_upper_bound,ME,ME_lower_bound,ME_upper_bound,R2,R2_lower_bound,R2_upper_bound,m,m_lower_bound,m_upper_bound,kendall_tau,kendall_tau_lower_bound,kendall_tau_upper_bound,ES,ES_lower_bound,ES_upper_bound
SGA28,GROVER,Empirical,Empirical,Standard,0.3026983907943247,0.2053495095018044,0.3908560106389969,0.2321052631578948,0.14947368421052634,0.32315789473684225,-0.07947368421052635,-0.21105263157894746,0.04684210526315788,0.2462525297325322,0.013728268633269326,0.5845244074485334,0.11351370182387256,0.02411808086376852,0.2086376215996073,0.25230800376163204,-0.1254220498051134,0.5551276129563965,-0.0,-0.0,-0.0
QWO91,permeability-prediction-Attentive FP,Empirical,Empirical,Standard,0.5495883627052638,0.4223929325565052,0.6604264969659658,0.4678947368421053,0.33999999999999997,0.5989473684210528,0.3542105263157895,0.16105263157894745,0.5405263157894736,0.056250197588481037,0.00018467287534573934,0.2925241958060681,0.26362544953666245,-0.11955368919755592,0.7045489216106472,0.12352941176470586,-0.18296621006610303,0.4099457958749614,-0.0,-0.0,-0.0
