{"SGA28":{"name":"GROVER","category":"Empirical","reassigned_category":"Empirical","type":"Standard","RMSE":0.3026983908,"RMSE_lower_bound":0.205336694,"RMSE_upper_bound":0.3925892456,"MAE":0.2321052632,"MAE_lower_bound":0.1489473684,"MAE_upper_bound":0.3231578947,"ME":-0.0794736842,"ME_lower_bound":-0.2115789474,"ME_upper_bound":0.0505263158,"R2":0.2462525297,"R2_lower_bound":0.0148859397,"R2_upper_bound":0.5849170036,"m":0.1135137018,"m_lower_bound":0.0253950545,"m_upper_bound":0.2071770953,"kendall_tau":0.2523080038,"kendall_tau_lower_bound":-0.1107823419,"kendall_tau_upper_bound":0.553748866,"ES":0.0,"ES_lower_bound":0.0,"ES_upper_bound":0.0},"QWO91":{"name":"permeability-prediction-Attentive FP","category":"Empirical","reassigned_category":"Empirical","type":"Standard","RMSE":0.5495883627,"RMSE_lower_bound":0.4209763089,"RMSE_upper_bound":0.6612428489,"MAE":0.4678947368,"MAE_lower_bound":0.3384210526,"MAE_upper_bound":0.6031578947,"ME":0.3542105263,"ME_lower_bound":0.1652631579,"ME_upper_bound":0.5431578947,"R2":0.0562501976,"R2_lower_bound":0.0002256179,"R2_upper_bound":0.2912170776,"m":0.2636254495,"m_lower_bound":-0.1284998561,"m_upper_bound":0.6994137879,"kendall_tau":0.1235294118,"kendall_tau_lower_bound":-0.1823899371,"kendall_tau_upper_bound":0.4088050314,"ES":0.0,"ES_lower_bound":0.0,"ES_upper_bound":0.0}}