ID,name,category,reassigned_category,type,RMSE,RMSE_lower_bound,RMSE_upper_bound,MAE,MAE_lower_bound,MAE_upper_bound,ME,ME_lower_bound,ME_upper_bound,R2,R2_lower_bound,R2_upper_bound,m,m_lower_bound,m_upper_bound,kendall_tau,kendall_tau_lower_bound,kendall_tau_upper_bound,ES,ES_lower_bound,ES_upper_bound
SGA28,GROVER,Empirical,Empirical,Standard,0.3026983907943247,0.2015074766798858,0.3920056390571844,0.2321052631578948,0.14736842105263176,0.3231578947368424,-0.07947368421052635,-0.21421052631578957,0.04999999999999991,0.2462525297325322,0.014401427120517552,0.5793602535943241,0.11351370182387256,0.025624048771679495,0.20872720428308483,0.25230800376163204,-0.11650546446816391,0.5506770308517437,-0.0,-0.0,-0.0
QWO91,permeability-prediction-Attentive FP,Empirical,Empirical,Standard,0.5495883627052638,0.42485910977392816,0.660964207964793,0.4678947368421053,0.3415789473684212,0.6005263157894737,0.3542105263157895,0.1647368421052631,0.5410526315789472,0.056250197588481037,0.0001901638704526279,0.29126937146015525,0.26362544953666245,-0.12341118347181614,0.7194898026100076,0.12352941176470586,-0.17230850797119907,0.4125,-0.0,-0.0,-0.0
