{"SGA28":{"name":"GROVER","category":"Empirical","reassigned_category":"Empirical","type":"Standard","RMSE":0.3026983908,"RMSE_lower_bound":0.2049261741,"RMSE_upper_bound":0.3907550047,"MAE":0.2321052632,"MAE_lower_bound":0.1510526316,"MAE_upper_bound":0.3231578947,"ME":-0.0794736842,"ME_lower_bound":-0.2168421053,"ME_upper_bound":0.05,"R2":0.2462525297,"R2_lower_bound":0.0140849846,"R2_upper_bound":0.5814326998,"m":0.1135137018,"m_lower_bound":0.0252720421,"m_upper_bound":0.2089556885,"kendall_tau":0.2523080038,"kendall_tau_lower_bound":-0.1134569427,"kendall_tau_upper_bound":0.5492998088,"ES":0.0,"ES_lower_bound":0.0,"ES_upper_bound":0.0},"QWO91":{"name":"permeability-prediction-Attentive FP","category":"Empirical","reassigned_category":"Empirical","type":"Standard","RMSE":0.5495883627,"RMSE_lower_bound":0.4216758546,"RMSE_upper_bound":0.6594056335,"MAE":0.4678947368,"MAE_lower_bound":0.3394736842,"MAE_upper_bound":0.5968421053,"ME":0.3542105263,"ME_lower_bound":0.1636842105,"ME_upper_bound":0.5405263158,"R2":0.0562501976,"R2_lower_bound":0.0001413884,"R2_upper_bound":0.293735005,"m":0.2636254495,"m_lower_bound":-0.1237446421,"m_upper_bound":0.7131695061,"kendall_tau":0.1235294118,"kendall_tau_lower_bound":-0.1863354037,"kendall_tau_upper_bound":0.4146341463,"ES":0.0,"ES_lower_bound":0.0,"ES_upper_bound":0.0}}