{"SGA28":{"name":"GROVER","category":"Empirical","reassigned_category":"Empirical","type":"Standard","RMSE":0.3026983908,"RMSE_lower_bound":0.2034310953,"RMSE_upper_bound":0.3923009049,"MAE":0.2321052632,"MAE_lower_bound":0.1494736842,"MAE_upper_bound":0.3236842105,"ME":-0.0794736842,"ME_lower_bound":-0.2131578947,"ME_upper_bound":0.0463157895,"R2":0.2462525297,"R2_lower_bound":0.0138516261,"R2_upper_bound":0.5808936622,"m":0.1135137018,"m_lower_bound":0.025692493,"m_upper_bound":0.2065037705,"kendall_tau":0.2523080038,"kendall_tau_lower_bound":-0.118021529,"kendall_tau_upper_bound":0.5572995802,"ES":0.0,"ES_lower_bound":0.0,"ES_upper_bound":0.0},"QWO91":{"name":"permeability-prediction-Attentive FP","category":"Empirical","reassigned_category":"Empirical","type":"Standard","RMSE":0.5495883627,"RMSE_lower_bound":0.4211638011,"RMSE_upper_bound":0.6571109015,"MAE":0.4678947368,"MAE_lower_bound":0.3384210526,"MAE_upper_bound":0.5968421053,"ME":0.3542105263,"ME_lower_bound":0.1636842105,"ME_upper_bound":0.5389473684,"R2":0.0562501976,"R2_lower_bound":0.0002225497,"R2_upper_bound":0.2869938862,"m":0.2636254495,"m_lower_bound":-0.1232027764,"m_upper_bound":0.7011996674,"kendall_tau":0.1235294118,"kendall_tau_lower_bound":-0.1818526908,"kendall_tau_upper_bound":0.4088373762,"ES":0.0,"ES_lower_bound":0.0,"ES_upper_bound":0.0}}