{"SGA28":{"name":"GROVER","category":"Empirical","reassigned_category":"Empirical","type":"Standard","RMSE":0.3026983908,"RMSE_lower_bound":0.2064996495,"RMSE_upper_bound":0.3914816659,"MAE":0.2321052632,"MAE_lower_bound":0.1494736842,"MAE_upper_bound":0.3231578947,"ME":-0.0794736842,"ME_lower_bound":-0.2147368421,"ME_upper_bound":0.0463157895,"R2":0.2462525297,"R2_lower_bound":0.0140281878,"R2_upper_bound":0.575065667,"m":0.1135137018,"m_lower_bound":0.0246595448,"m_upper_bound":0.2064199018,"kendall_tau":0.2523080038,"kendall_tau_lower_bound":-0.123086325,"kendall_tau_upper_bound":0.5524505525,"ES":0.0,"ES_lower_bound":0.0,"ES_upper_bound":0.0},"QWO91":{"name":"permeability-prediction-Attentive FP","category":"Empirical","reassigned_category":"Empirical","type":"Standard","RMSE":0.5495883627,"RMSE_lower_bound":0.4246856423,"RMSE_upper_bound":0.6587148572,"MAE":0.4678947368,"MAE_lower_bound":0.3421052632,"MAE_upper_bound":0.5973684211,"ME":0.3542105263,"ME_lower_bound":0.1657894737,"ME_upper_bound":0.5373684211,"R2":0.0562501976,"R2_lower_bound":0.0001827994,"R2_upper_bound":0.2916662753,"m":0.2636254495,"m_lower_bound":-0.124873631,"m_upper_bound":0.6983945827,"kendall_tau":0.1235294118,"kendall_tau_lower_bound":-0.1898734177,"kendall_tau_upper_bound":0.4086863588,"ES":0.0,"ES_lower_bound":0.0,"ES_upper_bound":0.0}}