{"SGA28":{"name":"GROVER","category":"Empirical","reassigned_category":"Empirical","type":"Standard","RMSE":0.3026983908,"RMSE_lower_bound":0.2039865837,"RMSE_upper_bound":0.3903979077,"MAE":0.2321052632,"MAE_lower_bound":0.1484210526,"MAE_upper_bound":0.3226315789,"ME":-0.0794736842,"ME_lower_bound":-0.2105263158,"ME_upper_bound":0.0484210526,"R2":0.2462525297,"R2_lower_bound":0.0167857477,"R2_upper_bound":0.5769846818,"m":0.1135137018,"m_lower_bound":0.0272968574,"m_upper_bound":0.2078620077,"kendall_tau":0.2523080038,"kendall_tau_lower_bound":-0.1128798448,"kendall_tau_upper_bound":0.5596273054,"ES":0.0,"ES_lower_bound":0.0,"ES_upper_bound":0.0},"QWO91":{"name":"permeability-prediction-Attentive FP","category":"Empirical","reassigned_category":"Empirical","type":"Standard","RMSE":0.5495883627,"RMSE_lower_bound":0.4216633728,"RMSE_upper_bound":0.6579233678,"MAE":0.4678947368,"MAE_lower_bound":0.3378947368,"MAE_upper_bound":0.5973684211,"ME":0.3542105263,"ME_lower_bound":0.16,"ME_upper_bound":0.5378947368,"R2":0.0562501976,"R2_lower_bound":0.0002071372,"R2_upper_bound":0.2873852286,"m":0.2636254495,"m_lower_bound":-0.1212489534,"m_upper_bound":0.7050861177,"kendall_tau":0.1235294118,"kendall_tau_lower_bound":-0.1823899371,"kendall_tau_upper_bound":0.4075255133,"ES":0.0,"ES_lower_bound":0.0,"ES_upper_bound":0.0}}