{"SGA28":{"name":"GROVER","category":"Empirical","reassigned_category":"Empirical","type":"Standard","RMSE":0.3026983908,"RMSE_lower_bound":0.2033146382,"RMSE_upper_bound":0.3905124838,"MAE":0.2321052632,"MAE_lower_bound":0.1473684211,"MAE_upper_bound":0.3236842105,"ME":-0.0794736842,"ME_lower_bound":-0.2110526316,"ME_upper_bound":0.0468421053,"R2":0.2462525297,"R2_lower_bound":0.0139763729,"R2_upper_bound":0.5808475531,"m":0.1135137018,"m_lower_bound":0.0255308626,"m_upper_bound":0.2056045006,"kendall_tau":0.2523080038,"kendall_tau_lower_bound":-0.1185854123,"kendall_tau_upper_bound":0.5511496303,"ES":0.0,"ES_lower_bound":0.0,"ES_upper_bound":0.0},"QWO91":{"name":"permeability-prediction-Attentive FP","category":"Empirical","reassigned_category":"Empirical","type":"Standard","RMSE":0.5495883627,"RMSE_lower_bound":0.4206886585,"RMSE_upper_bound":0.6605460261,"MAE":0.4678947368,"MAE_lower_bound":0.3394736842,"MAE_upper_bound":0.6010526316,"ME":0.3542105263,"ME_lower_bound":0.1642105263,"ME_upper_bound":0.54,"R2":0.0562501976,"R2_lower_bound":0.0002540258,"R2_upper_bound":0.2926838442,"m":0.2636254495,"m_lower_bound":-0.1182958203,"m_upper_bound":0.7053315241,"kendall_tau":0.1235294118,"kendall_tau_lower_bound":-0.1761006289,"kendall_tau_upper_bound":0.4161490683,"ES":0.0,"ES_lower_bound":0.0,"ES_upper_bound":0.0}}