ID,name,category,reassigned_category,type,RMSE,RMSE_lower_bound,RMSE_upper_bound,MAE,MAE_lower_bound,MAE_upper_bound,ME,ME_lower_bound,ME_upper_bound,R2,R2_lower_bound,R2_upper_bound,m,m_lower_bound,m_upper_bound,kendall_tau,kendall_tau_lower_bound,kendall_tau_upper_bound,ES,ES_lower_bound,ES_upper_bound
SGA28,GROVER,Empirical,Empirical,Standard,0.3026983907943247,0.20331463819721202,0.39051248379533277,0.2321052631578948,0.14736842105263168,0.323684210526316,-0.07947368421052635,-0.2110526315789474,0.04684210526315802,0.2462525297325322,0.013976372886982022,0.5808475530618463,0.11351370182387256,0.025530862587163593,0.20560450058380167,0.25230800376163204,-0.11858541225631421,0.5511496303343048,-0.0,-0.0,-0.0
QWO91,permeability-prediction-Attentive FP,Empirical,Empirical,Standard,0.5495883627052638,0.4206886584737235,0.6605460261265514,0.4678947368421053,0.3394736842105263,0.6010526315789473,0.3542105263157895,0.16421052631578928,0.54,0.056250197588481037,0.0002540258349975444,0.2926838441734388,0.26362544953666245,-0.11829582034319318,0.7053315241204827,0.12352941176470586,-0.17610062893081763,0.4161490683229814,-0.0,-0.0,-0.0
