method name,file name,category,type,RMSE,RMSE_lower_bound,RMSE_upper_bound,MAE,MAE_lower_bound,MAE_upper_bound,ME,ME_lower_bound,ME_upper_bound,R2,R2_lower_bound,R2_upper_bound,m,m_lower_bound,m_upper_bound,kendall_tau,kendall_tau_lower_bound,kendall_tau_upper_bound,ES,ES_lower_bound,ES_upper_bound
GROVER,permeability-dddc-2,Empirical,Standard,0.3026983907943247,0.20152053571730474,0.38853300340748675,0.2321052631578948,0.14736842105263168,0.3210526315789473,-0.07947368421052635,-0.21473684210526317,0.04736842105263169,0.2462525297325322,0.012482437462672556,0.5807938877305745,0.11351370182387256,0.021773191241802037,0.21218035054927897,0.25230800376163204,-0.1296320994005163,0.5516772843673704,-0.0,-0.0,-0.0
Attentive FP,permeability-dddc-1,Empirical,Standard,0.5495883627052638,0.4176563684481097,0.6596091346595465,0.4678947368421053,0.33736842105263154,0.598421052631579,0.3542105263157895,0.1578947368421054,0.54,0.056250197588481037,0.0001767999064867712,0.30007527775870824,0.26362544953666245,-0.12780924040476355,0.7243548284826582,0.12352941176470586,-0.18012422360248448,0.40993788819875776,-0.0,-0.0,-0.0
