ID,name,category,reassigned_category,type,RMSE,RMSE_lower_bound,RMSE_upper_bound,MAE,MAE_lower_bound,MAE_upper_bound,ME,ME_lower_bound,ME_upper_bound,R2,R2_lower_bound,R2_upper_bound,m,m_lower_bound,m_upper_bound,kendall_tau,kendall_tau_lower_bound,kendall_tau_upper_bound,ES,ES_lower_bound,ES_upper_bound
NULL2,GROVER,Empirical,Empirical,Standard,0.3026983907943247,0.20432172772628127,0.39252220855707826,0.2321052631578948,0.148421052631579,0.32526315789473687,-0.07947368421052635,-0.21526315789473693,0.04842105263157894,0.2462525297325322,0.012267663282339398,0.5850768061185446,0.11351370182387256,0.021113801189907327,0.20763514307730452,0.25230800376163204,-0.13263707095903693,0.5535576611373579,-0.0,-0.0,-0.0
SGA28,GROVER,Empirical,Empirical,Standard,0.3026983907943247,0.20299079574673995,0.39141443912801016,0.2321052631578948,0.148421052631579,0.32315789473684225,-0.07947368421052635,-0.21526315789473688,0.05052631578947382,0.2462525297325322,0.014009999943204666,0.5861998263509096,0.11351370182387256,0.02348935913424762,0.21139412564269197,0.25230800376163204,-0.1230821669259179,0.5514633642457704,-0.0,-0.0,-0.0
REF28,GROVER,Empirical,Empirical,Standard,0.3026983907943247,0.2041928912624171,0.3884652663468059,0.2321052631578948,0.1494736842105262,0.3210526315789476,-0.07947368421052635,-0.2168421052631579,0.04631578947368416,0.2462525297325322,0.014831873909935766,0.5800179038675266,0.11351370182387256,0.024058947087653777,0.2075078071681171,0.25230800376163204,-0.12618861628126718,0.5544826240669376,-0.0,-0.0,-0.0
QWO91,permeability-prediction-Attentive FP,Empirical,Empirical,Standard,0.5495883627052638,0.4204070709005236,0.6585470450365074,0.4678947368421053,0.33789473684210536,0.5978947368421053,0.3542105263157895,0.1657894736842106,0.5363157894736842,0.056250197588481037,0.000248884920889013,0.2846160745407377,0.26362544953666245,-0.1238048403963934,0.7041191702418388,0.12352941176470586,-0.1795019320602112,0.39752319599996255,-0.0,-0.0,-0.0
