ID,name,category,reassigned_category,type,RMSE,RMSE_lower_bound,RMSE_upper_bound,MAE,MAE_lower_bound,MAE_upper_bound,ME,ME_lower_bound,ME_upper_bound,R2,R2_lower_bound,R2_upper_bound,m,m_lower_bound,m_upper_bound,kendall_tau,kendall_tau_lower_bound,kendall_tau_upper_bound,ES,ES_lower_bound,ES_upper_bound
SGA28,GROVER,Empirical,Empirical,Standard,0.3026983907943247,0.20334052331262611,0.3912194161579245,0.2321052631578948,0.148421052631579,0.3221052631578947,-0.07947368421052635,-0.2136842105263158,0.04789473684210518,0.2462525297325322,0.01322993946415962,0.582261914144336,0.11351370182387256,0.022996700777274656,0.2099415055951165,0.25230800376163204,-0.12619866434564442,0.5543200649270319,-0.0,-0.0,-0.0
QWO91,permeability-prediction-Attentive FP,Empirical,Empirical,Standard,0.5495883627052638,0.42295949787432996,0.65838718411777,0.4678947368421053,0.3405263157894735,0.5963157894736842,0.3542105263157895,0.16631578947368422,0.5405263157894736,0.056250197588481037,0.0002428279168273186,0.2984586699789173,0.26362544953666245,-0.12613708367624932,0.7284020076094884,0.12352941176470586,-0.18304172612897177,0.41358812665879,-0.0,-0.0,-0.0
