ID,name,category,type,RMSE,RMSE_lower_bound,RMSE_upper_bound,MAE,MAE_lower_bound,MAE_upper_bound,ME,ME_lower_bound,ME_upper_bound,R2,R2_lower_bound,R2_upper_bound,m,m_lower_bound,m_upper_bound,kendall_tau,kendall_tau_lower_bound,kendall_tau_upper_bound,ES,ES_lower_bound,ES_upper_bound
GROVER,GROVER,Empirical,Standard,0.3026983907943247,0.20243257486980973,0.39152199642448,0.2321052631578948,0.14894736842105277,0.323684210526316,-0.07947368421052635,-0.21578947368421061,0.04999999999999987,0.2462525297325322,0.012504177008321597,0.5775792180442435,0.11351370182387256,0.02246251752777487,0.20737864305125994,0.25230800376163204,-0.12905643322991683,0.5532863886041022,-0.0,-0.0,-0.0
NULL_method,NULL_method,Empirical,Reference,0.32195128758703134,0.23055995909273175,0.40151686075890297,0.2578947368421053,0.1731578947368421,0.346842105263158,-0.016842105263158002,-0.16315789473684222,0.12789473684210506,4.1434212868223e-30,0.0,2.003242280294915e-29,-5.623214603544551e-30,-1.3866511674083082e-29,1.0093283111504655e-29,,,,-0.0,-0.0,-0.0
Attentive_FP,Attentive_FP,Empirical,Standard,0.5495883627052638,0.4220376635724402,0.6630392542162034,0.4678947368421053,0.33736842105263154,0.6036842105263157,0.3542105263157895,0.16263157894736846,0.5447368421052632,0.056250197588481037,0.00023032660984091097,0.2945680272368914,0.26362544953666245,-0.12198123044838323,0.7114632004999853,0.12352941176470586,-0.1806932496518809,0.41253223033954206,-0.0,-0.0,-0.0
REF_method,REF_method,Empirical,Reference,1.7583021116376656,0.8146940013216457,2.4633321463330713,1.0384210526315791,0.45842105263157906,1.7199999999999995,-0.29,-1.0747368421052632,0.47578947368421076,0.09381907226917845,0.0019434663399424926,0.4416321887794128,-1.5324202357153216,-3.6009717159408936,1.402097771642305,0.011869906538207606,-0.3333333333333333,0.37502930030867465,-0.0,-0.0,-0.0
