ID,name,category,reassigned_category,type,RMSE,RMSE_lower_bound,RMSE_upper_bound,MAE,MAE_lower_bound,MAE_upper_bound,ME,ME_lower_bound,ME_upper_bound,R2,R2_lower_bound,R2_upper_bound,m,m_lower_bound,m_upper_bound,kendall_tau,kendall_tau_lower_bound,kendall_tau_upper_bound,ES,ES_lower_bound,ES_upper_bound
SGA28,GROVER,Empirical,Empirical,Standard,0.3026983907943247,0.2031203946846357,0.39144133122279456,0.2321052631578948,0.14631578947368432,0.32368421052631574,-0.07947368421052635,-0.21421052631578957,0.05263157894736833,0.2462525297325322,0.014591148102825727,0.5849102676990572,0.11351370182387256,0.02562682096105694,0.21146245059288504,0.25230800376163204,-0.11542256460957984,0.5568705610848315,-0.0,-0.0,-0.0
QWO91,permeability-prediction-Attentive FP,Empirical,Empirical,Standard,0.5495883627052638,0.4232082976004782,0.6580913390452087,0.4678947368421053,0.34,0.596842105263158,0.3542105263157895,0.16210526315789478,0.54,0.056250197588481037,0.00020065530287723896,0.29559187064667203,0.26362544953666245,-0.119167113197437,0.7150407464273061,0.12352941176470586,-0.18237166310401937,0.4074074074074074,-0.0,-0.0,-0.0
