method name,file name,category,type,RMSE,RMSE_lower_bound,RMSE_upper_bound,MAE,MAE_lower_bound,MAE_upper_bound,ME,ME_lower_bound,ME_upper_bound,R2,R2_lower_bound,R2_upper_bound,m,m_lower_bound,m_upper_bound,kendall_tau,kendall_tau_lower_bound,kendall_tau_upper_bound,ES,ES_lower_bound,ES_upper_bound
GROVER,permeability-dddc-2,Empirical,Standard,0.3026983907943247,0.20561845094354023,0.390788676235231,0.2321052631578948,0.15000000000000002,0.32473684210526305,-0.07947368421052635,-0.2142105263157897,0.04684210526315788,0.2462525297325322,0.013621033041551402,0.5776782115295467,0.11351370182387256,0.022173575514025195,0.2050082553659877,0.25230800376163204,-0.12824729401064425,0.5497480774646128,-0.0,-0.0,-0.0
Attentive FP,permeability-dddc-1,Empirical,Standard,0.5495883627052638,0.4258119179563722,0.6588147251733701,0.4678947368421053,0.34105263157894755,0.5963157894736841,0.3542105263157895,0.1647368421052631,0.5389473684210525,0.056250197588481037,0.00020978339686115,0.28929889517584195,0.26362544953666245,-0.13193119518577417,0.7061377588556679,0.12352941176470586,-0.18633899812498247,0.406155768789255,-0.0,-0.0,-0.0
