ID,name,category,reassigned_category,type,RMSE,RMSE_lower_bound,RMSE_upper_bound,MAE,MAE_lower_bound,MAE_upper_bound,ME,ME_lower_bound,ME_upper_bound,R2,R2_lower_bound,R2_upper_bound,m,m_lower_bound,m_upper_bound,kendall_tau,kendall_tau_lower_bound,kendall_tau_upper_bound,ES,ES_lower_bound,ES_upper_bound
SGA28,GROVER,Empirical,Empirical,Standard,0.3026983907943247,0.20492617412645292,0.3907550046822312,0.2321052631578948,0.15105263157894724,0.32315789473684214,-0.07947368421052635,-0.21684210526315795,0.05000000000000001,0.2462525297325322,0.01408498461133181,0.5814326997558565,0.11351370182387256,0.025272042076753123,0.2089556885183635,0.25230800376163204,-0.11345694267267521,0.5492998087549447,-0.0,-0.0,-0.0
QWO91,permeability-prediction-Attentive FP,Empirical,Empirical,Standard,0.5495883627052638,0.4216758545563043,0.6594056334864635,0.4678947368421053,0.3394736842105265,0.5968421052631578,0.3542105263157895,0.16368421052631585,0.5405263157894736,0.056250197588481037,0.00014138838569284712,0.2937350049836931,0.26362544953666245,-0.12374464208063303,0.7131695060669196,0.12352941176470586,-0.1863354037267081,0.4146341463414634,-0.0,-0.0,-0.0
