{"SGA28":{"name":"GROVER","category":"Empirical","reassigned_category":"Empirical","type":"Standard","RMSE":0.3026983908,"RMSE_lower_bound":0.2015074767,"RMSE_upper_bound":0.3920056391,"MAE":0.2321052632,"MAE_lower_bound":0.1473684211,"MAE_upper_bound":0.3231578947,"ME":-0.0794736842,"ME_lower_bound":-0.2142105263,"ME_upper_bound":0.05,"R2":0.2462525297,"R2_lower_bound":0.0144014271,"R2_upper_bound":0.5793602536,"m":0.1135137018,"m_lower_bound":0.0256240488,"m_upper_bound":0.2087272043,"kendall_tau":0.2523080038,"kendall_tau_lower_bound":-0.1165054645,"kendall_tau_upper_bound":0.5506770309,"ES":0.0,"ES_lower_bound":0.0,"ES_upper_bound":0.0},"QWO91":{"name":"permeability-prediction-Attentive FP","category":"Empirical","reassigned_category":"Empirical","type":"Standard","RMSE":0.5495883627,"RMSE_lower_bound":0.4248591098,"RMSE_upper_bound":0.660964208,"MAE":0.4678947368,"MAE_lower_bound":0.3415789474,"MAE_upper_bound":0.6005263158,"ME":0.3542105263,"ME_lower_bound":0.1647368421,"ME_upper_bound":0.5410526316,"R2":0.0562501976,"R2_lower_bound":0.0001901639,"R2_upper_bound":0.2912693715,"m":0.2636254495,"m_lower_bound":-0.1234111835,"m_upper_bound":0.7194898026,"kendall_tau":0.1235294118,"kendall_tau_lower_bound":-0.172308508,"kendall_tau_upper_bound":0.4125,"ES":0.0,"ES_lower_bound":0.0,"ES_upper_bound":0.0}}