{"GROVER":{"name":"GROVER","category":"Empirical","type":"Standard","RMSE":0.3026983908,"RMSE_lower_bound":0.2024325749,"RMSE_upper_bound":0.3915219964,"MAE":0.2321052632,"MAE_lower_bound":0.1489473684,"MAE_upper_bound":0.3236842105,"ME":-0.0794736842,"ME_lower_bound":-0.2157894737,"ME_upper_bound":0.05,"R2":0.2462525297,"R2_lower_bound":0.012504177,"R2_upper_bound":0.577579218,"m":0.1135137018,"m_lower_bound":0.0224625175,"m_upper_bound":0.2073786431,"kendall_tau":0.2523080038,"kendall_tau_lower_bound":-0.1290564332,"kendall_tau_upper_bound":0.5532863886,"ES":0.0,"ES_lower_bound":0.0,"ES_upper_bound":0.0},"NULL_method":{"name":"NULL_method","category":"Empirical","type":"Reference","RMSE":0.3219512876,"RMSE_lower_bound":0.2305599591,"RMSE_upper_bound":0.4015168608,"MAE":0.2578947368,"MAE_lower_bound":0.1731578947,"MAE_upper_bound":0.3468421053,"ME":-0.0168421053,"ME_lower_bound":-0.1631578947,"ME_upper_bound":0.1278947368,"R2":4.143421287e-30,"R2_lower_bound":0.0,"R2_upper_bound":2.00324228e-29,"m":-5.623214604e-30,"m_lower_bound":-1.386651167e-29,"m_upper_bound":1.009328311e-29,"kendall_tau":null,"kendall_tau_lower_bound":null,"kendall_tau_upper_bound":null,"ES":0.0,"ES_lower_bound":0.0,"ES_upper_bound":0.0},"Attentive_FP":{"name":"Attentive_FP","category":"Empirical","type":"Standard","RMSE":0.5495883627,"RMSE_lower_bound":0.4220376636,"RMSE_upper_bound":0.6630392542,"MAE":0.4678947368,"MAE_lower_bound":0.3373684211,"MAE_upper_bound":0.6036842105,"ME":0.3542105263,"ME_lower_bound":0.1626315789,"ME_upper_bound":0.5447368421,"R2":0.0562501976,"R2_lower_bound":0.0002303266,"R2_upper_bound":0.2945680272,"m":0.2636254495,"m_lower_bound":-0.1219812304,"m_upper_bound":0.7114632005,"kendall_tau":0.1235294118,"kendall_tau_lower_bound":-0.1806932497,"kendall_tau_upper_bound":0.4125322303,"ES":0.0,"ES_lower_bound":0.0,"ES_upper_bound":0.0},"REF_method":{"name":"REF_method","category":"Empirical","type":"Reference","RMSE":1.7583021116,"RMSE_lower_bound":0.8146940013,"RMSE_upper_bound":2.4633321463,"MAE":1.0384210526,"MAE_lower_bound":0.4584210526,"MAE_upper_bound":1.72,"ME":-0.29,"ME_lower_bound":-1.0747368421,"ME_upper_bound":0.4757894737,"R2":0.0938190723,"R2_lower_bound":0.0019434663,"R2_upper_bound":0.4416321888,"m":-1.5324202357,"m_lower_bound":-3.6009717159,"m_upper_bound":1.4020977716,"kendall_tau":0.0118699065,"kendall_tau_lower_bound":-0.3333333333,"kendall_tau_upper_bound":0.3750293003,"ES":0.0,"ES_lower_bound":0.0,"ES_upper_bound":0.0}}