category,RMSE_mean,RMSE_std,MAE_mean,MAE_std,kendall_tau_mean,kendall_tau_std,R2_mean,R2_std,N
Physical (MM),1.5359998352291966,0.35929531433096173,1.2445454545454546,0.2387350445318057,0.4631608978383823,0.22455649096202393,0.43080492164285994,0.30337627485956425,3
Empirical,0.6211666025054705,0.08027125267287524,0.4166363636363636,0.045481355729664275,0.5616871173812397,0.07362821421684569,0.48639269530975077,0.09869295304115601,5
Physical (QM),1.4749207740859813,0.6405835241000005,1.2472727272727273,0.6327461302048842,0.5113019799466502,0.07499325332903219,0.4490243085087065,0.09866930588010807,5
