category,RMSE_mean,RMSE_std,MAE_mean,MAE_std,kendall_tau_mean,kendall_tau_std,R2_mean,R2_std,N
Physical (MM),1.7037295001406036,0.3258235078278532,1.3831818181818185,0.23873504453180577,0.3301398177161565,0.20886401617366043,0.27896691054543804,0.25165676906071904,3
Empirical,1.3984543826198745,1.2811679426816818,1.19875,1.274275559868955,0.23532016382246318,0.4087597048303777,0.3690278377374883,0.09534302731924797,8
Physical (QM),1.8233769773027042,0.7726384819729663,1.5315151515151513,0.708396318703462,0.28083195735309124,0.3915742052402081,0.3934106478004477,0.10150461380684656,6
