category,RMSE_mean,RMSE_std,MAE_mean,MAE_std,kendall_tau_mean,kendall_tau_std,R2_mean,R2_std,N
Physical (MM),1.7037295001406036,0.3258235078278532,1.3831818181818185,0.23873504453180577,0.3301398177161565,0.20886401617366043,0.27896691054543804,0.25165676906071904,3
Empirical,0.6931472069596204,0.08230793367595475,0.49109090909090913,0.056586436478969306,0.47440040371428616,0.0805078180789215,0.42475687035356335,0.05221963418211823,5
Physical (QM),1.6445129621322487,0.7115267109252716,1.4002727272727271,0.7057601405811026,0.4393847068459248,0.05586268856621927,0.41894039689187557,0.08939084189704154,5
