reassigned_category,RMSE_mean,RMSE_std,MAE_mean,MAE_std,kendall_tau_mean,kendall_tau_std,R2_mean,R2_std,N
Physical (MM),1.609003952642426,0.4220900478620595,1.3465000000000003,0.35806374316448497,0.3801091094728714,0.15327789233747147,0.30729231138110485,0.1861881834500111,10
Empirical,0.7030973978060369,0.09474556101228618,0.5238636363636363,0.07136934610112204,0.4429783182358406,0.0783211570934039,0.4153809900493795,0.07286668534794515,10
Physical (QM),1.5916408671378706,0.720370475016167,1.346090909090909,0.651611064117013,0.3423611072223265,0.3037116850284177,0.40805392766963744,0.07866106305161888,10
