category,RMSE_mean,RMSE_std,MAE_mean,MAE_std,kendall_tau_mean,kendall_tau_std,R2_mean,R2_std,N
Physical (MM),1.5359998352291966,0.35929531433096173,1.2445454545454546,0.2387350445318057,0.4631608978383823,0.22455649096202393,0.43080492164285994,0.30337627485956425,3
Empirical,1.3767789443651561,1.3671081288762512,1.1835227272727273,1.3694425039214444,0.29165592816705666,0.4623591650870669,0.40143508297102615,0.14444615285403736,8
Physical (QM),1.6521350181527055,0.7188234351212709,1.427121212121212,0.7171938351974165,0.483331901189207,0.09588087541362642,0.4149072364916097,0.12154156966408032,6
