category,RMSE_mean,RMSE_std,MAE_mean,MAE_std,kendall_tau_mean,kendall_tau_std,R2_mean,R2_std,N
Physical (MM),1.7037295001406036,0.3258235078278532,1.3831818181818185,0.23873504453180577,0.3301398177161565,0.20886401617366043,0.27896691054543804,0.25165676906071904,3
Empirical,1.3984543826198745,1.2811679426816818,1.19875,1.274275559868955,0.23532016382246318,0.4087597048303777,0.3690278377374883,0.09534302731924797,8
Physical (QM),1.9161992397530152,0.6443744148131408,1.6243939393939393,0.5816715487572076,0.28083195735309124,0.3915742052402081,0.3933192911361287,0.10140420670887053,6
