category,RMSE_mean,RMSE_std,MAE_mean,MAE_std,kendall_tau_mean,kendall_tau_std,R2_mean,R2_std,N
Physical (MM),1.7037295001406036,0.3258235078278532,1.3831818181818185,0.23873504453180577,0.3301398177161565,0.20886401617366043,0.27896691054543804,0.25165676906071904,3
Empirical,0.6931472069596204,0.08230793367595475,0.49109090909090913,0.056586436478969306,0.47440040371428616,0.0805078180789215,0.42475687035356335,0.05221963418211823,5
Physical (QM),1.7558996770726218,0.5712296907687678,1.5117272727272728,0.5724717503586334,0.4393847068459248,0.05586268856621927,0.41883076889469273,0.08928745820173387,5
