{"FSDAM\/GAFF2\/OPC3_ranked":{"sid":"12","RMSE":1.2772675914,"RMSE_lower_bound":1.3282239672,"RMSE_upper_bound":3.4849758873,"MAE":1.0375,"MAE_lower_bound":1.0375392093,"MAE_upper_bound":2.9606866558,"ME":0.62875,"ME_lower_bound":-0.8304485543,"ME_upper_bound":2.0909883573,"R2":0.0147311359,"R2_lower_bound":0.0001296149,"R2_upper_bound":0.4987583861,"m":0.1235819072,"m_lower_bound":-1.5760754336,"m_upper_bound":2.3229039923,"kendall_tau":0.2109873681,"kendall_tau_lower_bound":-0.4368932039,"kendall_tau_upper_bound":0.5789473684},"Noneq\/Alchemy\/CGENFF":{"sid":"26","RMSE":1.6222207002,"RMSE_lower_bound":1.2134279042,"RMSE_upper_bound":2.394228482,"MAE":1.43875,"MAE_lower_bound":0.9812710121,"MAE_upper_bound":2.1283971045,"ME":1.12125,"ME_lower_bound":0.333826869,"ME_upper_bound":1.8828713273,"R2":0.0452031887,"R2_lower_bound":0.000121712,"R2_upper_bound":0.4135389258,"m":0.2615059212,"m_lower_bound":-0.6651094583,"m_upper_bound":1.1917726452,"kendall_tau":0.1,"kendall_tau_lower_bound":-0.4561403509,"kendall_tau_upper_bound":0.5135135135},"Noneq\/Alchemy\/consensus":{"sid":"27","RMSE":1.7046645564,"RMSE_lower_bound":1.2754079513,"RMSE_upper_bound":2.2636202546,"MAE":1.475625,"MAE_lower_bound":1.0285354361,"MAE_upper_bound":2.0369302334,"ME":1.209375,"ME_lower_bound":0.5205682318,"ME_upper_bound":1.8824317651,"R2":0.0178989331,"R2_lower_bound":0.0000892909,"R2_upper_bound":0.3005795354,"m":0.1586917917,"m_lower_bound":-0.4962813452,"m_upper_bound":0.9628006582,"kendall_tau":-0.0166666667,"kendall_tau_lower_bound":-0.4285714286,"kendall_tau_upper_bound":0.4594594595},"FSDAM\/GAFF2\/OPC3_JB":{"sid":"13","RMSE":1.735306169,"RMSE_lower_bound":1.5028398462,"RMSE_upper_bound":3.8480842362,"MAE":1.5125,"MAE_lower_bound":1.1806444653,"MAE_upper_bound":3.2691963123,"ME":0.76625,"ME_lower_bound":-0.783690123,"ME_upper_bound":2.3370648159,"R2":0.0026503808,"R2_lower_bound":0.0001076254,"R2_upper_bound":0.4792161353,"m":-0.078949452,"m_lower_bound":-1.9240947953,"m_upper_bound":2.2733485656,"kendall_tau":0.1344585291,"kendall_tau_lower_bound":-0.4528301887,"kendall_tau_upper_bound":0.5596330275},"Noneq\/Alchemy\/GAFF":{"sid":"25","RMSE":1.9395086362,"RMSE_lower_bound":1.4116871949,"RMSE_upper_bound":2.6940967032,"MAE":1.663125,"MAE_lower_bound":1.1226884924,"MAE_upper_bound":2.3841657134,"ME":1.296875,"ME_lower_bound":0.4224400681,"ME_upper_bound":2.1459937152,"R2":0.0015198219,"R2_lower_bound":0.0000626415,"R2_upper_bound":0.2869350342,"m":0.0568266392,"m_lower_bound":-0.7297409424,"m_upper_bound":1.1891284389,"kendall_tau":0.0166666667,"kendall_tau_lower_bound":-0.3773584906,"kendall_tau_upper_bound":0.4444444444},"Docking\/GAFF\/YANK_REF":{"sid":"REF1","RMSE":2.735852518,"RMSE_lower_bound":1.8839607328,"RMSE_upper_bound":3.5792125779,"MAE":2.25325,"MAE_lower_bound":1.4932729045,"MAE_upper_bound":3.0818056941,"ME":0.51075,"ME_lower_bound":-0.8055933851,"ME_upper_bound":1.8766893256,"R2":0.1717599841,"R2_lower_bound":0.0061073373,"R2_upper_bound":0.5205761505,"m":-1.1143771703,"m_lower_bound":-2.1416355961,"m_upper_bound":-0.1848735182,"kendall_tau":-0.2833333333,"kendall_tau_lower_bound":-0.5714285714,"kendall_tau_upper_bound":0.046728972}}