ID,sid,RMSE,RMSE_lower_bound,RMSE_upper_bound,MAE,MAE_lower_bound,MAE_upper_bound,ME,ME_lower_bound,ME_upper_bound,R2,R2_lower_bound,R2_upper_bound,m,m_lower_bound,m_upper_bound,kendall_tau,kendall_tau_lower_bound,kendall_tau_upper_bound
FSDAM/GAFF2/OPC3_ranked,12,1.277267591384045,1.3282239672349747,3.484975887273993,1.0375,1.0375392092855964,2.9606866557820695,0.6287499999999999,-0.8304485543037177,2.090988357293441,0.014731135919498097,0.00012961489959940399,0.49875838614909496,0.12358190722873845,-1.5760754336316019,2.3229039922573036,0.21098736814243052,-0.4368932038834951,0.5789473684210527
Noneq/Alchemy/CGENFF,26,1.6222207001514928,1.213427904214591,2.3942284820250372,1.4387499999999998,0.981271012091262,2.128397104511158,1.1212499999999999,0.33382686899631886,1.8828713272874986,0.045203188725026565,0.00012171197121513649,0.41353892580351076,0.2615059212088993,-0.6651094583149565,1.1917726452110273,0.09999999999999999,-0.456140350877193,0.5135135135135136
Noneq/Alchemy/consensus,27,1.7046645564450504,1.275407951349244,2.2636202545569835,1.475625,1.0285354361282795,2.036930233372198,1.209375,0.5205682318475331,1.8824317651283957,0.017898933058661793,8.929092046078642e-05,0.3005795354021647,0.1586917917453712,-0.49628134515436045,0.9628006581717408,-0.016666666666666666,-0.42857142857142855,0.4594594594594595
FSDAM/GAFF2/OPC3_JB,13,1.7353061689511737,1.5028398462416435,3.8480842362484022,1.5125000000000002,1.1806444652965422,3.2691963122513465,0.76625,-0.783690122973112,2.337064815943392,0.0026503807950127526,0.00010762535354931343,0.4792161353034007,-0.07894945199126807,-1.924094795275928,2.2733485656186256,0.13445852909056286,-0.45283018867924524,0.5596330275229358
Noneq/Alchemy/GAFF,25,1.9395086362272274,1.4116871949093153,2.694096703244018,1.663125,1.1226884924120286,2.384165713439754,1.296875,0.42244006811151746,2.1459937151815933,0.0015198218716558046,6.264145206998449e-05,0.2869350341525572,0.05682663921910179,-0.7297409424345412,1.1891284388761407,0.016666666666666666,-0.3773584905660377,0.4444444444444444
Docking/GAFF/YANK_REF,REF1,2.7358525179548696,1.8839607327630163,3.5792125778554724,2.2532500000000004,1.4932729044811102,3.0818056941089402,0.5107499999999999,-0.8055933850955233,1.876689325628356,0.17175998411357807,0.006107337334469012,0.5205761505231009,-1.1143771702616188,-2.141635596145116,-0.18487351820491915,-0.2833333333333333,-0.5714285714285714,0.046728971962616814
