ID,Sensitivity,Sensitivity_lower_bound,Sensitivity_upper_bound,Specificity,Specificity_lower_bound,Specificity_upper_bound,Precision,Precision_lower_bound,Precision_upper_bound,Balanced Accuracy,Balanced Accuracy_lower_bound,Balanced Accuracy_upper_bound,Accuracy,Accuracy_lower_bound,Accuracy_upper_bound,True Positive,True Positive_lower_bound,True Positive_upper_bound,False Negative,False Negative_lower_bound,False Negative_upper_bound,True Negative,True Negative_lower_bound,True Negative_upper_bound,False Positive,False Positive_lower_bound,False Positive_upper_bound
38,0.42857142857142855,0.0,0.8333333333333334,0.42857142857142855,0.0,0.8333333333333334,0.004830917874396135,0.0,0.011128775834658187,0.3241341991341991,0.11069182389937107,0.5288986969314838,0.22152690863579474,0.1927409261576971,0.2503128911138924,174,151.0,198.0,618,594.0,641.0,3,0.0,7.0,4,1.0,8.0
44,0.0,0.0,0.0,0.0,0.0,0.0,0.0,0.0,0.0,0.5,0.5,0.5,0.9912390488110138,0.983729662077597,0.9974968710888611,792,786.0,797.0,0,0.0,0.0,0,0.0,0.0,7,2.0,13.0
33,0.0,0.0,0.0,0.0,0.0,0.0,0.0,0.0,0.0,0.4494949494949495,0.43876262626262624,0.4599745870393901,0.8911138923654568,0.8685857321652065,0.9123904881101377,712,694.0,729.0,80,64.0,97.0,0,0.0,0.0,7,2.0,13.0
55,0.0,0.0,0.0,0.0,0.0,0.0,0.0,0.0,0.0,0.49558080808080807,0.49183417085427134,0.49873417721518987,0.9824780976220275,0.9724655819774718,0.9912390488110138,785,777.0,792.0,7,2.0,13.0,0,0.0,0.0,7,2.0,13.0
43,0.0,0.0,0.0,0.0,0.0,0.0,0.0,0.0,0.0,0.49558080808080807,0.4918032786885246,0.49873417721518987,0.9824780976220275,0.9724655819774718,0.9912390488110138,785,777.0,792.0,7,2.0,13.0,0,0.0,0.0,7,2.0,13.0
35,0.0,0.0,0.0,0.0,0.0,0.0,0.0,0.0,0.0,0.48042929292929293,0.47345132743362833,0.4867924528301887,0.9524405506883604,0.9374217772215269,0.9662077596996246,761,749.0,772.0,31,21.0,42.0,0,0.0,0.0,7,2.0,13.0
37,0.0,0.0,0.0,0.0,0.0,0.0,0.0,0.0,0.0,0.5,0.5,0.5,0.9912390488110138,0.983729662077597,0.9974968710888611,792,786.0,797.0,0,0.0,0.0,0,0.0,0.0,7,2.0,13.0
52,0.0,0.0,0.0,0.0,0.0,0.0,0.0,0.0,0.0,0.5,0.5,0.5,0.9912390488110138,0.9849812265331664,0.9974968710888611,792,787.0,797.0,0,0.0,0.0,0,0.0,0.0,7,2.0,12.0
56,0.0,0.0,0.0,0.0,0.0,0.0,0.0,0.0,0.0,0.494949494949495,0.4911727616645649,0.49810844892812106,0.981226533166458,0.9712140175219024,0.9899874843554443,784,776.0,791.0,8,3.0,14.0,0,0.0,0.0,7,2.0,13.0
