ID,Sensitivity,Sensitivity_lower_bound,Sensitivity_upper_bound,Specificity,Specificity_lower_bound,Specificity_upper_bound,Precision,Precision_lower_bound,Precision_upper_bound,Balanced Accuracy,Balanced Accuracy_lower_bound,Balanced Accuracy_upper_bound,Accuracy,Accuracy_lower_bound,Accuracy_upper_bound,True Positive,True Positive_lower_bound,True Positive_upper_bound,False Negative,False Negative_lower_bound,False Negative_upper_bound,True Negative,True Negative_lower_bound,True Negative_upper_bound,False Positive,False Positive_lower_bound,False Positive_upper_bound
44,0.0,0.0,0.0,0.0,0.0,,0.0,0.0,0.0,0.5,0.5,1.0,0.9987484355444305,0.9962453066332916,1.0,798,796.0,799.0,0,0.0,0.0,0,0.0,0.0,1,0.0,3.0
33,0.0,0.0,0.0,0.0,0.0,,0.0,0.0,0.0,0.45614035087719296,0.4473023839397742,0.9261576971214017,0.9111389236545682,0.8911138923654568,0.9299123904881101,728,712.0,743.0,70,55.0,86.0,0,0.0,0.0,1,0.0,3.0
55,0.0,0.0,0.0,0.0,0.0,,0.0,0.0,0.0,0.49624060150375937,0.4931077694235589,0.9962453066332916,0.9912390488110138,0.983729662077597,0.9974968710888611,792,786.0,797.0,6,2.0,11.0,0,0.0,0.0,1,0.0,3.0
43,0.0,0.0,0.0,0.0,0.0,,0.0,0.0,0.0,0.4824561403508772,0.47675879396984927,0.9749687108886108,0.9637046307884856,0.9499374217772215,0.9762202753441802,770,759.0,780.0,28,18.0,39.0,0,0.0,0.0,1,0.0,3.0
35,0.0,0.0,0.0,0.0,0.0,,0.0,0.0,0.0,0.49373433583959897,0.4899749373433584,0.9937421777221527,0.986232790988736,0.9774718397997497,0.9937421777221527,788,781.0,794.0,10,4.0,17.0,0,0.0,0.0,1,0.0,3.0
38,0.0,0.0,0.0,0.0,0.0,,0.0,0.0,0.0,0.26378446115288223,0.24843161856963614,0.5544430538172715,0.5269086357947435,0.493116395494368,0.5619524405506884,421,394.0,449.0,377,350.0,404.0,0,0.0,0.0,1,0.0,3.0
37,0.0,0.0,0.0,0.0,0.0,,0.0,0.0,0.0,0.5,0.5,1.0,0.9987484355444305,0.9962453066332916,1.0,798,796.0,799.0,0,0.0,0.0,0,0.0,0.0,1,0.0,3.0
52,0.0,0.0,0.0,0.0,0.0,,0.0,0.0,0.0,0.5,0.5,1.0,0.9987484355444305,0.9962453066332916,1.0,798,796.0,799.0,0,0.0,0.0,0,0.0,0.0,1,0.0,3.0
56,0.0,0.0,0.0,0.0,0.0,,0.0,0.0,0.0,0.4949874686716792,0.4918444165621079,0.9949937421777222,0.9887359198998749,0.981226533166458,0.9949937421777222,790,784.0,795.0,8,3.0,14.0,0,0.0,0.0,1,0.0,3.0
