ID,sid,RMSE,RMSE_lower_bound,RMSE_upper_bound,MAE,MAE_lower_bound,MAE_upper_bound,ME,ME_lower_bound,ME_upper_bound,R2,R2_lower_bound,R2_upper_bound,m,m_lower_bound,m_upper_bound,kendall_tau,kendall_tau_lower_bound,kendall_tau_upper_bound
FSDAM/GAFF2/OPC3_ranked,12,1.277267591384045,1.3178504945634975,3.505453036155164,1.0375,1.0382250308662462,2.953155911388819,0.6287499999999999,-0.843629965828518,2.098100528945433,0.014731135919498097,0.00013064549667410238,0.5048294442266165,0.12358190722873845,-1.6168338909086943,2.2978749050984812,0.21098736814243052,-0.456140350877193,0.574074074074074
Noneq/Alchemy/consensus,27,1.7046645564450504,1.2690780193332063,2.277710400851289,1.475625,1.0336362771242058,2.041380538927689,1.209375,0.5172640015578202,1.8741714391531954,0.017898933058661793,8.983450256988036e-05,0.29486773117497334,0.1586917917453712,-0.4813211412659854,0.9292681575932453,-0.016666666666666666,-0.43119266055045863,0.4464285714285714
