{"FSDAM\/GAFF2\/OPC3_ranked":{"sid":"12","RMSE":1.2772675914,"RMSE_lower_bound":1.3178504946,"RMSE_upper_bound":3.5054530362,"MAE":1.0375,"MAE_lower_bound":1.0382250309,"MAE_upper_bound":2.9531559114,"ME":0.62875,"ME_lower_bound":-0.8436299658,"ME_upper_bound":2.0981005289,"R2":0.0147311359,"R2_lower_bound":0.0001306455,"R2_upper_bound":0.5048294442,"m":0.1235819072,"m_lower_bound":-1.6168338909,"m_upper_bound":2.2978749051,"kendall_tau":0.2109873681,"kendall_tau_lower_bound":-0.4561403509,"kendall_tau_upper_bound":0.5740740741},"Noneq\/Alchemy\/consensus":{"sid":"27","RMSE":1.7046645564,"RMSE_lower_bound":1.2690780193,"RMSE_upper_bound":2.2777104009,"MAE":1.475625,"MAE_lower_bound":1.0336362771,"MAE_upper_bound":2.0413805389,"ME":1.209375,"ME_lower_bound":0.5172640016,"ME_upper_bound":1.8741714392,"R2":0.0178989331,"R2_lower_bound":0.0000898345,"R2_upper_bound":0.2948677312,"m":0.1586917917,"m_lower_bound":-0.4813211413,"m_upper_bound":0.9292681576,"kendall_tau":-0.0166666667,"kendall_tau_lower_bound":-0.4311926606,"kendall_tau_upper_bound":0.4464285714}}