reassigned_category,RMSE_mean,RMSE_std,MAE_mean,MAE_std,kendall_tau_mean,kendall_tau_std,R2_mean,R2_std,N
Physical (MM),2.0613609802528745,,1.61,,0.10822510822510822,,0.034317205536228836,,1
Empirical,0.878121701256258,0.18784182580351186,0.6639393939393939,0.2140264652413141,0.38661450513549245,,0.26161868209765066,0.14466556630966462,6
Mixed,0.6877730862587007,,0.4877272727272727,,0.36956871049581336,,0.3296629848133339,,1
Physical (QM),1.3323953139842817,,1.1231818181818185,,0.5292854101148422,,0.4860118975108166,,1
