reassigned_category,RMSE_mean,RMSE_std,MAE_mean,MAE_std,kendall_tau_mean,kendall_tau_std,R2_mean,R2_std,N
Physical (MM),2.0613609802528745,,1.61,,0.10822510822510822,,0.034317205536228836,,1
Empirical,0.8142993307914772,0.11643013833805316,0.5948181818181818,0.14637655222515086,0.38661450513549245,0.03253977040716735,0.3139424185171808,0.07501237996401985,5
Mixed,0.6877730862587007,,0.4877272727272727,,0.36956871049581336,,0.3296629848133339,,1
Physical (QM),1.3323953139842817,,1.1231818181818185,,0.5292854101148422,,0.4860118975108166,,1
