method name,file name,category,type,RMSE,RMSE_lower_bound,RMSE_upper_bound,MAE,MAE_lower_bound,MAE_upper_bound,ME,ME_lower_bound,ME_upper_bound,R2,R2_lower_bound,R2_upper_bound,m,m_lower_bound,m_upper_bound,kendall_tau,kendall_tau_lower_bound,kendall_tau_upper_bound,ES,ES_lower_bound,ES_upper_bound
REF1 ChemAxon,REF00-logP-DanielleBergazin-1,Empirical,Reference,1.0028550153527587,0.7766273237531628,1.205532700057983,0.85,0.6245454545454545,1.073181818181818,0.4599999999999999,0.08318181818181815,0.8322727272727272,0.3861030248630514,0.10130879629985261,0.6946153413741697,0.9819539536967626,0.44590987133497134,1.5121331692563325,0.40259740259740256,0.08333333333333333,0.6818181818181818,0.0053988953029610876,-0.0,0.044021761701067336
NULL0 mean clogP FDA,NULL0-logP-DanielleBergazin-2,Empirical,Reference,1.1972335535801617,0.9516612269652953,1.4176549137732553,1.0095454545454545,0.7409090909090911,1.2781818181818183,-0.9568181818181819,-1.2531818181818182,-0.6563636363636366,9.958221072548673e-32,1.4409184744602521e-34,4.88712105355346e-31,3.8947709083745915e-31,-7.2501155433583585e-31,8.951140126517013e-31,,,,0.036048008638232494,-0.0,0.0816755956088985
TFE b3lypd3,logP-EvrimArslan-6,Physical (QM),Standard,2.5514915423941917,1.7104398689970208,3.315920960786282,1.9554545454545456,1.3186363636363636,2.6704545454545454,1.3263636363636364,0.44045454545454543,2.269090909090908,0.3968428949210357,0.0988274789605749,0.6631016059008986,-1.447403267614265,-2.212749328662799,-0.6308396734305538,-0.4458874458874459,-0.7104072398190044,-0.10810810810810811,0.34244223874191904,0.03549427578664674,0.32808671456455835
ClassicalGSG DB2,logp_DB2,Empirical,Standard,4.266876119385448,3.55561783405053,4.949887510200243,3.9640909090909093,3.3427272727272737,4.65090909090909,3.9640909090909093,3.3427272727272737,4.65090909090909,0.5098518651038175,0.17381720079475135,0.8158756509498679,-0.9746476827834446,-1.4436244371600133,-0.49643353441558963,-0.5064935064935064,-0.7880184331797236,-0.18385650224215247,-0.0,-0.0,-0.0
TFE wet oct (GAFF/TIP4P),logP_AndrewPaluch_MD_2,Physical (MM),Standard,6.066674991669278,5.303651829378766,6.848422512454302,5.805454545454546,5.111818181818182,6.5695454545454535,5.805454545454546,5.111818181818182,6.5695454545454535,0.4218092610407823,0.10352369156897312,0.754542073531464,-1.0888577872448062,-1.7914820100337758,-0.4270253644439992,-0.4632034632034632,-0.7428571428571429,-0.1506849315068493,0.035660395642122464,-0.0,0.04728878552542326
