method name,file name,category,type,RMSE,RMSE_lower_bound,RMSE_upper_bound,MAE,MAE_lower_bound,MAE_upper_bound,ME,ME_lower_bound,ME_upper_bound,R2,R2_lower_bound,R2_upper_bound,m,m_lower_bound,m_upper_bound,kendall_tau,kendall_tau_lower_bound,kendall_tau_upper_bound,ES,ES_lower_bound,ES_upper_bound
REF1 ChemAxon,REF00-logP-DanielleBergazin-1,Empirical,Reference,1.0028550153527587,0.7826876771739798,1.19930661785732,0.85,0.6286363636363637,1.0704545454545455,0.4599999999999999,0.08590909090909088,0.8327272727272725,0.3861030248630514,0.10750478978660491,0.6981780360551587,0.9819539536967626,0.4569427848945452,1.5205366646668343,0.40259740259740256,0.0909090909090909,0.6774193548387097,0.0053988953029610876,-0.0,0.03698935448592827
NULL0 mean clogP FDA,NULL0-logP-DanielleBergazin-2,Empirical,Reference,1.1972335535801617,0.955427082037614,1.4194413113488127,1.0095454545454545,0.7490909090909091,1.2872727272727273,-0.9568181818181819,-1.2613636363636365,-0.6595454545454547,9.958221072548673e-32,1.6039537685876163e-34,4.801979429882625e-31,3.8947709083745915e-31,-7.008792476399918e-31,8.754957739492275e-31,,,,0.036048008638232494,-0.0,0.0846795963287512
TFE b3lypd3,logP-EvrimArslan-6,Physical (QM),Standard,2.5514915423941917,1.698449827984865,3.3464153141153075,1.9554545454545456,1.3149999999999997,2.6813636363636353,1.3263636363636364,0.4263636363636365,2.2640909090909087,0.3968428949210357,0.08754810095166624,0.668910008413253,-1.447403267614265,-2.2299241719501137,-0.6140828752942767,-0.4458874458874459,-0.7168949771689497,-0.10407239819004524,0.34244223874191904,0.03791685701233441,0.3274360784639451
ClassicalGSG DB2,logp_DB2,Empirical,Standard,4.266876119385448,3.5230120119527886,4.95611055346648,3.9640909090909093,3.3172727272727274,4.653636363636363,3.9640909090909093,3.3172727272727274,4.653636363636363,0.5098518651038175,0.16765181493412243,0.8188195092334928,-0.9746476827834446,-1.4413975746050138,-0.4873037052704532,-0.5064935064935064,-0.7799043062200957,-0.17757009345794392,-0.0,-0.0,-0.0
TFE wet oct (GAFF/TIP4P),logP_AndrewPaluch_MD_2,Physical (MM),Standard,6.066674991669278,5.299207916797994,6.861734474606256,5.805454545454546,5.1054545454545455,6.579999999999999,5.805454545454546,5.1054545454545455,6.579999999999999,0.4218092610407823,0.1017235731508253,0.7490833143428653,-1.0888577872448062,-1.7674451757958873,-0.425996906620458,-0.4632034632034632,-0.7477477477477478,-0.14798206278026904,0.035660395642122464,-0.0,0.04724725556155434
