method name,file name,category,type,RMSE,RMSE_lower_bound,RMSE_upper_bound,MAE,MAE_lower_bound,MAE_upper_bound,ME,ME_lower_bound,ME_upper_bound,R2,R2_lower_bound,R2_upper_bound,m,m_lower_bound,m_upper_bound,kendall_tau,kendall_tau_lower_bound,kendall_tau_upper_bound,ES,ES_lower_bound,ES_upper_bound
REF1 ChemAxon,REF00-logP-DanielleBergazin-1,Empirical,Reference,1.0028550153527587,0.7853806257304334,1.2023991169173556,0.85,0.6327272727272727,1.0736363636363637,0.4599999999999999,0.08454545454545452,0.8295454545454547,0.3861030248630514,0.10053927728195809,0.6942098921452801,0.9819539536967626,0.442285115744767,1.5202358448150866,0.40259740259740256,0.0909090909090909,0.6759259259259259,0.0053988953029610876,-0.0,0.05224469454711575
NULL0 mean clogP FDA,NULL0-logP-DanielleBergazin-2,Empirical,Reference,1.1972335535801617,0.9559621521606577,1.4151276845699698,1.0095454545454545,0.7490909090909093,1.2786363636363633,-0.9568181818181819,-1.2577272727272728,-0.6627272727272729,9.958221072548673e-32,7.80244015156664e-35,5.009192645220906e-31,3.8947709083745915e-31,-7.114984510107746e-31,8.880655218288255e-31,,,,0.036048008638232494,-0.0,0.08153716239600206
TFE b3lypd3,logP-EvrimArslan-6,Physical (QM),Standard,2.5514915423941917,1.7006562904307907,3.3298983058454987,1.9554545454545456,1.3127272727272727,2.681818181818181,1.3263636363636364,0.4359090909090909,2.274090909090909,0.3968428949210357,0.09180715667922312,0.6719450219568792,-1.447403267614265,-2.2346274229934457,-0.6009390602157064,-0.4458874458874459,-0.7142857142857143,-0.11627906976744186,0.34244223874191904,0.03741849744590723,0.32358763514542416
ClassicalGSG DB2,logp_DB2,Empirical,Standard,4.266876119385448,3.5460118443118605,4.944596223978437,3.9640909090909093,3.3372727272727274,4.630909090909092,3.9640909090909093,3.3372727272727274,4.630909090909092,0.5098518651038175,0.17715984319608055,0.8143342460084244,-0.9746476827834446,-1.4402223241853689,-0.4993046545817648,-0.5064935064935064,-0.7808219178082192,-0.1780821917808219,-0.0,-0.0,-0.0
TFE wet oct (GAFF/TIP4P),logP_AndrewPaluch_MD_2,Physical (MM),Standard,6.066674991669278,5.282556199417097,6.846679354389117,5.805454545454546,5.096363636363636,6.5631818181818184,5.805454545454546,5.096363636363636,6.5631818181818184,0.4218092610407823,0.09784866803456894,0.7473044924223048,-1.0888577872448062,-1.7746163263690102,-0.41064474140810187,-0.4632034632034632,-0.743119266055046,-0.14027149321266968,0.035660395642122464,-0.0,0.04659661946094108
