{"REF1 ChemAxon":{"file name":"REF00-logP-DanielleBergazin-1","category":"Empirical","type":"Reference","RMSE":1.0028550154,"RMSE_lower_bound":0.7766273238,"RMSE_upper_bound":1.2055327001,"MAE":0.85,"MAE_lower_bound":0.6245454545,"MAE_upper_bound":1.0731818182,"ME":0.46,"ME_lower_bound":0.0831818182,"ME_upper_bound":0.8322727273,"R2":0.3861030249,"R2_lower_bound":0.1013087963,"R2_upper_bound":0.6946153414,"m":0.9819539537,"m_lower_bound":0.4459098713,"m_upper_bound":1.5121331693,"kendall_tau":0.4025974026,"kendall_tau_lower_bound":0.0833333333,"kendall_tau_upper_bound":0.6818181818,"ES":0.0053988953,"ES_lower_bound":0.0,"ES_upper_bound":0.0440217617},"NULL0 mean clogP FDA":{"file name":"NULL0-logP-DanielleBergazin-2","category":"Empirical","type":"Reference","RMSE":1.1972335536,"RMSE_lower_bound":0.951661227,"RMSE_upper_bound":1.4176549138,"MAE":1.0095454545,"MAE_lower_bound":0.7409090909,"MAE_upper_bound":1.2781818182,"ME":-0.9568181818,"ME_lower_bound":-1.2531818182,"ME_upper_bound":-0.6563636364,"R2":9.958221073e-32,"R2_lower_bound":1.440918474e-34,"R2_upper_bound":4.887121054e-31,"m":3.894770908e-31,"m_lower_bound":-7.250115543e-31,"m_upper_bound":8.951140127e-31,"kendall_tau":null,"kendall_tau_lower_bound":null,"kendall_tau_upper_bound":null,"ES":0.0360480086,"ES_lower_bound":0.0,"ES_upper_bound":0.0816755956},"TFE b3lypd3":{"file name":"logP-EvrimArslan-6","category":"Physical (QM)","type":"Standard","RMSE":2.5514915424,"RMSE_lower_bound":1.710439869,"RMSE_upper_bound":3.3159209608,"MAE":1.9554545455,"MAE_lower_bound":1.3186363636,"MAE_upper_bound":2.6704545455,"ME":1.3263636364,"ME_lower_bound":0.4404545455,"ME_upper_bound":2.2690909091,"R2":0.3968428949,"R2_lower_bound":0.098827479,"R2_upper_bound":0.6631016059,"m":-1.4474032676,"m_lower_bound":-2.2127493287,"m_upper_bound":-0.6308396734,"kendall_tau":-0.4458874459,"kendall_tau_lower_bound":-0.7104072398,"kendall_tau_upper_bound":-0.1081081081,"ES":0.3424422387,"ES_lower_bound":0.0354942758,"ES_upper_bound":0.3280867146},"ClassicalGSG DB2":{"file name":"logp_DB2","category":"Empirical","type":"Standard","RMSE":4.2668761194,"RMSE_lower_bound":3.5556178341,"RMSE_upper_bound":4.9498875102,"MAE":3.9640909091,"MAE_lower_bound":3.3427272727,"MAE_upper_bound":4.6509090909,"ME":3.9640909091,"ME_lower_bound":3.3427272727,"ME_upper_bound":4.6509090909,"R2":0.5098518651,"R2_lower_bound":0.1738172008,"R2_upper_bound":0.8158756509,"m":-0.9746476828,"m_lower_bound":-1.4436244372,"m_upper_bound":-0.4964335344,"kendall_tau":-0.5064935065,"kendall_tau_lower_bound":-0.7880184332,"kendall_tau_upper_bound":-0.1838565022,"ES":0.0,"ES_lower_bound":0.0,"ES_upper_bound":0.0},"TFE wet oct (GAFF\/TIP4P)":{"file name":"logP_AndrewPaluch_MD_2","category":"Physical (MM)","type":"Standard","RMSE":6.0666749917,"RMSE_lower_bound":5.3036518294,"RMSE_upper_bound":6.8484225125,"MAE":5.8054545455,"MAE_lower_bound":5.1118181818,"MAE_upper_bound":6.5695454545,"ME":5.8054545455,"ME_lower_bound":5.1118181818,"ME_upper_bound":6.5695454545,"R2":0.421809261,"R2_lower_bound":0.1035236916,"R2_upper_bound":0.7545420735,"m":-1.0888577872,"m_lower_bound":-1.79148201,"m_upper_bound":-0.4270253644,"kendall_tau":-0.4632034632,"kendall_tau_lower_bound":-0.7428571429,"kendall_tau_upper_bound":-0.1506849315,"ES":0.0356603956,"ES_lower_bound":0.0,"ES_upper_bound":0.0472887855}}