{"REF1 ChemAxon":{"file name":"REF00-logP-DanielleBergazin-1","category":"Empirical","type":"Reference","RMSE":1.0028550154,"RMSE_lower_bound":0.7826876772,"RMSE_upper_bound":1.1993066179,"MAE":0.85,"MAE_lower_bound":0.6286363636,"MAE_upper_bound":1.0704545455,"ME":0.46,"ME_lower_bound":0.0859090909,"ME_upper_bound":0.8327272727,"R2":0.3861030249,"R2_lower_bound":0.1075047898,"R2_upper_bound":0.6981780361,"m":0.9819539537,"m_lower_bound":0.4569427849,"m_upper_bound":1.5205366647,"kendall_tau":0.4025974026,"kendall_tau_lower_bound":0.0909090909,"kendall_tau_upper_bound":0.6774193548,"ES":0.0053988953,"ES_lower_bound":0.0,"ES_upper_bound":0.0369893545},"NULL0 mean clogP FDA":{"file name":"NULL0-logP-DanielleBergazin-2","category":"Empirical","type":"Reference","RMSE":1.1972335536,"RMSE_lower_bound":0.955427082,"RMSE_upper_bound":1.4194413113,"MAE":1.0095454545,"MAE_lower_bound":0.7490909091,"MAE_upper_bound":1.2872727273,"ME":-0.9568181818,"ME_lower_bound":-1.2613636364,"ME_upper_bound":-0.6595454545,"R2":9.958221073e-32,"R2_lower_bound":1.603953769e-34,"R2_upper_bound":4.80197943e-31,"m":3.894770908e-31,"m_lower_bound":-7.008792476e-31,"m_upper_bound":8.754957739e-31,"kendall_tau":null,"kendall_tau_lower_bound":null,"kendall_tau_upper_bound":null,"ES":0.0360480086,"ES_lower_bound":0.0,"ES_upper_bound":0.0846795963},"TFE b3lypd3":{"file name":"logP-EvrimArslan-6","category":"Physical (QM)","type":"Standard","RMSE":2.5514915424,"RMSE_lower_bound":1.698449828,"RMSE_upper_bound":3.3464153141,"MAE":1.9554545455,"MAE_lower_bound":1.315,"MAE_upper_bound":2.6813636364,"ME":1.3263636364,"ME_lower_bound":0.4263636364,"ME_upper_bound":2.2640909091,"R2":0.3968428949,"R2_lower_bound":0.087548101,"R2_upper_bound":0.6689100084,"m":-1.4474032676,"m_lower_bound":-2.229924172,"m_upper_bound":-0.6140828753,"kendall_tau":-0.4458874459,"kendall_tau_lower_bound":-0.7168949772,"kendall_tau_upper_bound":-0.1040723982,"ES":0.3424422387,"ES_lower_bound":0.037916857,"ES_upper_bound":0.3274360785},"ClassicalGSG DB2":{"file name":"logp_DB2","category":"Empirical","type":"Standard","RMSE":4.2668761194,"RMSE_lower_bound":3.523012012,"RMSE_upper_bound":4.9561105535,"MAE":3.9640909091,"MAE_lower_bound":3.3172727273,"MAE_upper_bound":4.6536363636,"ME":3.9640909091,"ME_lower_bound":3.3172727273,"ME_upper_bound":4.6536363636,"R2":0.5098518651,"R2_lower_bound":0.1676518149,"R2_upper_bound":0.8188195092,"m":-0.9746476828,"m_lower_bound":-1.4413975746,"m_upper_bound":-0.4873037053,"kendall_tau":-0.5064935065,"kendall_tau_lower_bound":-0.7799043062,"kendall_tau_upper_bound":-0.1775700935,"ES":0.0,"ES_lower_bound":0.0,"ES_upper_bound":0.0},"TFE wet oct (GAFF\/TIP4P)":{"file name":"logP_AndrewPaluch_MD_2","category":"Physical (MM)","type":"Standard","RMSE":6.0666749917,"RMSE_lower_bound":5.2992079168,"RMSE_upper_bound":6.8617344746,"MAE":5.8054545455,"MAE_lower_bound":5.1054545455,"MAE_upper_bound":6.58,"ME":5.8054545455,"ME_lower_bound":5.1054545455,"ME_upper_bound":6.58,"R2":0.421809261,"R2_lower_bound":0.1017235732,"R2_upper_bound":0.7490833143,"m":-1.0888577872,"m_lower_bound":-1.7674451758,"m_upper_bound":-0.4259969066,"kendall_tau":-0.4632034632,"kendall_tau_lower_bound":-0.7477477477,"kendall_tau_upper_bound":-0.1479820628,"ES":0.0356603956,"ES_lower_bound":0.0,"ES_upper_bound":0.0472472556}}