{"REF1 ChemAxon":{"file name":"REF00-logP-DanielleBergazin-1","category":"Empirical","type":"Reference","RMSE":1.0028550154,"RMSE_lower_bound":0.7853806257,"RMSE_upper_bound":1.2023991169,"MAE":0.85,"MAE_lower_bound":0.6327272727,"MAE_upper_bound":1.0736363636,"ME":0.46,"ME_lower_bound":0.0845454545,"ME_upper_bound":0.8295454545,"R2":0.3861030249,"R2_lower_bound":0.1005392773,"R2_upper_bound":0.6942098921,"m":0.9819539537,"m_lower_bound":0.4422851157,"m_upper_bound":1.5202358448,"kendall_tau":0.4025974026,"kendall_tau_lower_bound":0.0909090909,"kendall_tau_upper_bound":0.6759259259,"ES":0.0053988953,"ES_lower_bound":0.0,"ES_upper_bound":0.0522446945},"NULL0 mean clogP FDA":{"file name":"NULL0-logP-DanielleBergazin-2","category":"Empirical","type":"Reference","RMSE":1.1972335536,"RMSE_lower_bound":0.9559621522,"RMSE_upper_bound":1.4151276846,"MAE":1.0095454545,"MAE_lower_bound":0.7490909091,"MAE_upper_bound":1.2786363636,"ME":-0.9568181818,"ME_lower_bound":-1.2577272727,"ME_upper_bound":-0.6627272727,"R2":9.958221073e-32,"R2_lower_bound":7.802440152e-35,"R2_upper_bound":5.009192645e-31,"m":3.894770908e-31,"m_lower_bound":-7.11498451e-31,"m_upper_bound":8.880655218e-31,"kendall_tau":null,"kendall_tau_lower_bound":null,"kendall_tau_upper_bound":null,"ES":0.0360480086,"ES_lower_bound":0.0,"ES_upper_bound":0.0815371624},"TFE b3lypd3":{"file name":"logP-EvrimArslan-6","category":"Physical (QM)","type":"Standard","RMSE":2.5514915424,"RMSE_lower_bound":1.7006562904,"RMSE_upper_bound":3.3298983058,"MAE":1.9554545455,"MAE_lower_bound":1.3127272727,"MAE_upper_bound":2.6818181818,"ME":1.3263636364,"ME_lower_bound":0.4359090909,"ME_upper_bound":2.2740909091,"R2":0.3968428949,"R2_lower_bound":0.0918071567,"R2_upper_bound":0.671945022,"m":-1.4474032676,"m_lower_bound":-2.234627423,"m_upper_bound":-0.6009390602,"kendall_tau":-0.4458874459,"kendall_tau_lower_bound":-0.7142857143,"kendall_tau_upper_bound":-0.1162790698,"ES":0.3424422387,"ES_lower_bound":0.0374184974,"ES_upper_bound":0.3235876351},"ClassicalGSG DB2":{"file name":"logp_DB2","category":"Empirical","type":"Standard","RMSE":4.2668761194,"RMSE_lower_bound":3.5460118443,"RMSE_upper_bound":4.944596224,"MAE":3.9640909091,"MAE_lower_bound":3.3372727273,"MAE_upper_bound":4.6309090909,"ME":3.9640909091,"ME_lower_bound":3.3372727273,"ME_upper_bound":4.6309090909,"R2":0.5098518651,"R2_lower_bound":0.1771598432,"R2_upper_bound":0.814334246,"m":-0.9746476828,"m_lower_bound":-1.4402223242,"m_upper_bound":-0.4993046546,"kendall_tau":-0.5064935065,"kendall_tau_lower_bound":-0.7808219178,"kendall_tau_upper_bound":-0.1780821918,"ES":0.0,"ES_lower_bound":0.0,"ES_upper_bound":0.0},"TFE wet oct (GAFF\/TIP4P)":{"file name":"logP_AndrewPaluch_MD_2","category":"Physical (MM)","type":"Standard","RMSE":6.0666749917,"RMSE_lower_bound":5.2825561994,"RMSE_upper_bound":6.8466793544,"MAE":5.8054545455,"MAE_lower_bound":5.0963636364,"MAE_upper_bound":6.5631818182,"ME":5.8054545455,"ME_lower_bound":5.0963636364,"ME_upper_bound":6.5631818182,"R2":0.421809261,"R2_lower_bound":0.097848668,"R2_upper_bound":0.7473044924,"m":-1.0888577872,"m_lower_bound":-1.7746163264,"m_upper_bound":-0.4106447414,"kendall_tau":-0.4632034632,"kendall_tau_lower_bound":-0.7431192661,"kendall_tau_upper_bound":-0.1402714932,"ES":0.0356603956,"ES_lower_bound":0.0,"ES_upper_bound":0.0465966195}}