method name,file name,category,type,RMSE,RMSE_lower_bound,RMSE_upper_bound,MAE,MAE_lower_bound,MAE_upper_bound,ME,ME_lower_bound,ME_upper_bound,R2,R2_lower_bound,R2_upper_bound,m,m_lower_bound,m_upper_bound,kendall_tau,kendall_tau_lower_bound,kendall_tau_upper_bound,ES,ES_lower_bound,ES_upper_bound
REF1 ChemAxon,REF00-logP-DanielleBergazin-1,Empirical,Reference,1.0028550153527587,0.7837903244664818,1.2057174401386692,0.85,0.6331818181818181,1.080909090909091,0.4599999999999999,0.07772727272727274,0.8231818181818181,0.3861030248630514,0.10640102285408017,0.6978451240869638,0.9819539536967626,0.4542268783592011,1.5125441415697276,0.40259740259740256,0.08597285067873303,0.6756756756756757,0.0053988953029610876,-0.0,0.05602392125918851
NULL0 mean clogP FDA,NULL0-logP-DanielleBergazin-2,Empirical,Reference,1.1972335535801617,0.9526685009630963,1.417310192518978,1.0095454545454545,0.7445454545454545,1.2799999999999998,-0.9568181818181819,-1.2527272727272725,-0.6500000000000002,9.958221072548673e-32,1.4853510377618552e-34,4.962243844788326e-31,3.8947709083745915e-31,-7.1003585934032416e-31,8.721031509822693e-31,,,,0.036048008638232494,-0.0,0.07674737322978531
TFE b3lypd3,logP-EvrimArslan-6,Physical (QM),Standard,2.5514915423941917,1.6963905532308616,3.3185559564912617,1.9554545454545456,1.3040909090909087,2.6618181818181816,1.3263636363636364,0.4404545454545454,2.2386363636363638,0.3968428949210357,0.0943132434206072,0.6600910474811891,-1.447403267614265,-2.2052333173051233,-0.6239108498928639,-0.4458874458874459,-0.7090909090909091,-0.10185185185185185,0.34244223874191904,0.03973033210127775,0.33989506762462457
ClassicalGSG DB2,logp_DB2,Empirical,Standard,4.266876119385448,3.540405729188779,4.946307162465201,3.9640909090909093,3.3204545454545453,4.632272727272728,3.9640909090909093,3.3204545454545453,4.632272727272728,0.5098518651038175,0.1761960665739207,0.8160489281096172,-0.9746476827834446,-1.4417804199557864,-0.4954905652513485,-0.5064935064935064,-0.7847533632286996,-0.1743119266055046,-0.0,-0.0,-0.0
TFE wet oct (GAFF/TIP4P),logP_AndrewPaluch_MD_2,Physical (MM),Standard,6.066674991669278,5.294618193806029,6.849405083655076,5.805454545454546,5.110454545454545,6.5663636363636355,5.805454545454546,5.110454545454545,6.5663636363636355,0.4218092610407823,0.09655820437358896,0.7462619428928305,-1.0888577872448062,-1.7728491730676454,-0.41788620397252785,-0.4632034632034632,-0.7466063348416289,-0.14285714285714288,0.035660395642122464,-0.0,0.04562758697066602
