{"REF1 ChemAxon":{"file name":"REF00-logP-DanielleBergazin-1","category":"Empirical","type":"Reference","RMSE":1.0028550154,"RMSE_lower_bound":0.782606368,"RMSE_upper_bound":1.2049236113,"MAE":0.85,"MAE_lower_bound":0.6281818182,"MAE_upper_bound":1.0772727273,"ME":0.46,"ME_lower_bound":0.0836363636,"ME_upper_bound":0.8245454545,"R2":0.3861030249,"R2_lower_bound":0.1046690088,"R2_upper_bound":0.6900830588,"m":0.9819539537,"m_lower_bound":0.4505555664,"m_upper_bound":1.5042809409,"kendall_tau":0.4025974026,"kendall_tau_lower_bound":0.0900900901,"kendall_tau_upper_bound":0.6697247706,"ES":0.0053988953,"ES_lower_bound":0.0,"ES_upper_bound":0.0479671083},"NULL0 mean clogP FDA":{"file name":"NULL0-logP-DanielleBergazin-2","category":"Empirical","type":"Reference","RMSE":1.1972335536,"RMSE_lower_bound":0.9522891081,"RMSE_upper_bound":1.4156800486,"MAE":1.0095454545,"MAE_lower_bound":0.7427272727,"MAE_upper_bound":1.2804545455,"ME":-0.9568181818,"ME_lower_bound":-1.2545454545,"ME_upper_bound":-0.6536363636,"R2":9.958221073e-32,"R2_lower_bound":1.646118151e-34,"R2_upper_bound":4.912277079e-31,"m":3.894770908e-31,"m_lower_bound":-7.109599467e-31,"m_upper_bound":8.911815997e-31,"kendall_tau":null,"kendall_tau_lower_bound":null,"kendall_tau_upper_bound":null,"ES":0.0360480086,"ES_lower_bound":0.0,"ES_upper_bound":0.0752384512},"TFE b3lypd3":{"file name":"logP-EvrimArslan-6","category":"Physical (QM)","type":"Standard","RMSE":2.5514915424,"RMSE_lower_bound":1.6856722425,"RMSE_upper_bound":3.3522238209,"MAE":1.9554545455,"MAE_lower_bound":1.2977272727,"MAE_upper_bound":2.6945454545,"ME":1.3263636364,"ME_lower_bound":0.4372727273,"ME_upper_bound":2.2613636364,"R2":0.3968428949,"R2_lower_bound":0.0894578095,"R2_upper_bound":0.6718954726,"m":-1.4474032676,"m_lower_bound":-2.2312549529,"m_upper_bound":-0.6125054939,"kendall_tau":-0.4458874459,"kendall_tau_lower_bound":-0.7181818182,"kendall_tau_upper_bound":-0.0990990991,"ES":0.3424422387,"ES_lower_bound":0.0350928195,"ES_upper_bound":0.3211512106},"ClassicalGSG DB2":{"file name":"logp_DB2","category":"Empirical","type":"Standard","RMSE":4.2668761194,"RMSE_lower_bound":3.5351205457,"RMSE_upper_bound":4.9519830738,"MAE":3.9640909091,"MAE_lower_bound":3.3245454545,"MAE_upper_bound":4.6454545455,"ME":3.9640909091,"ME_lower_bound":3.3245454545,"ME_upper_bound":4.6454545455,"R2":0.5098518651,"R2_lower_bound":0.1734662559,"R2_upper_bound":0.8108494918,"m":-0.9746476828,"m_lower_bound":-1.4511170594,"m_upper_bound":-0.4921028197,"kendall_tau":-0.5064935065,"kendall_tau_lower_bound":-0.7857142857,"kendall_tau_upper_bound":-0.1797235023,"ES":0.0,"ES_lower_bound":0.0,"ES_upper_bound":0.0},"TFE wet oct (GAFF\/TIP4P)":{"file name":"logP_AndrewPaluch_MD_2","category":"Physical (MM)","type":"Standard","RMSE":6.0666749917,"RMSE_lower_bound":5.2875681814,"RMSE_upper_bound":6.8504840572,"MAE":5.8054545455,"MAE_lower_bound":5.0954545455,"MAE_upper_bound":6.5827272727,"ME":5.8054545455,"ME_lower_bound":5.0954545455,"ME_upper_bound":6.5827272727,"R2":0.421809261,"R2_lower_bound":0.1073310081,"R2_upper_bound":0.7546079881,"m":-1.0888577872,"m_lower_bound":-1.7766150085,"m_upper_bound":-0.4365785389,"kendall_tau":-0.4632034632,"kendall_tau_lower_bound":-0.7476635514,"kendall_tau_upper_bound":-0.1467889908,"ES":0.0356603956,"ES_lower_bound":0.0013704888,"ES_upper_bound":0.0481055415}}