{"AMOEBA\/DDM\/BAR":{"sid":"29","RMSE":1.267139636,"RMSE_lower_bound":0.5531972042,"RMSE_upper_bound":2.7458857877,"MAE":0.91,"MAE_lower_bound":0.4431237028,"MAE_upper_bound":2.2946402101,"ME":-0.6614285714,"ME_lower_bound":-2.0055722459,"ME_upper_bound":0.6130524476,"R2":0.8064596271,"R2_lower_bound":0.3049792915,"R2_upper_bound":0.9940236846,"m":1.054886202,"m_lower_bound":0.4542803326,"m_upper_bound":2.109120551,"kendall_tau":0.7142857143,"kendall_tau_lower_bound":0.0526315789,"kendall_tau_upper_bound":1.0},"RESP\/GAFF\/MMPBSA-Cor":{"sid":"20","RMSE":1.3237878553,"RMSE_lower_bound":0.6661230933,"RMSE_upper_bound":2.6532014274,"MAE":1.03,"MAE_lower_bound":0.5327146799,"MAE_upper_bound":2.336624745,"ME":1.01,"ME_lower_bound":-0.2098830285,"ME_upper_bound":2.220036202,"R2":0.9496380411,"R2_lower_bound":0.0531174553,"R2_upper_bound":0.9910822556,"m":0.6135540313,"m_lower_bound":0.034363161,"m_upper_bound":1.19571164,"kendall_tau":0.8095238095,"kendall_tau_lower_bound":-0.1764705882,"kendall_tau_upper_bound":1.0},"xtb-GNF\/Machine Learning\/CORINA MD":{"sid":"28","RMSE":2.4300558489,"RMSE_lower_bound":1.3967128373,"RMSE_upper_bound":3.6810474228,"MAE":2.1085714286,"MAE_lower_bound":1.0878990252,"MAE_upper_bound":3.4122388254,"ME":0.8228571429,"ME_lower_bound":-1.0994704065,"ME_upper_bound":2.8028486215,"R2":0.0007349455,"R2_lower_bound":0.00031535,"R2_upper_bound":0.9354529141,"m":0.0131410955,"m_lower_bound":-0.8179550509,"m_upper_bound":0.5880326303,"kendall_tau":0.0476190476,"kendall_tau_lower_bound":-0.7894736842,"kendall_tau_upper_bound":1.0},"B2PLYPD3\/SMD":{"sid":"23","RMSE":4.763583585,"RMSE_lower_bound":2.258375006,"RMSE_upper_bound":6.9023104414,"MAE":3.8985714286,"MAE_lower_bound":1.8082789841,"MAE_upper_bound":6.2230130202,"ME":3.4957142857,"ME_lower_bound":0.8438064008,"ME_upper_bound":6.0989540287,"R2":0.7237704481,"R2_lower_bound":0.240461612,"R2_upper_bound":0.9866915222,"m":1.9696828151,"m_lower_bound":0.8456080803,"m_upper_bound":3.7311255214,"kendall_tau":0.5855400438,"kendall_tau_lower_bound":-0.0588235294,"kendall_tau_upper_bound":1.0}}