ID,sid,RMSE,RMSE_lower_bound,RMSE_upper_bound,MAE,MAE_lower_bound,MAE_upper_bound,ME,ME_lower_bound,ME_upper_bound,R2,R2_lower_bound,R2_upper_bound,m,m_lower_bound,m_upper_bound,kendall_tau,kendall_tau_lower_bound,kendall_tau_upper_bound
AMOEBA/DDM/BAR,29,1.2671396360081462,0.5531972042482552,2.745885787737931,0.91,0.4431237028484598,2.2946402100744803,-0.6614285714285716,-2.0055722458771124,0.6130524475947493,0.806459627109388,0.3049792915212029,0.9940236845767164,1.0548862020384457,0.4542803325514128,2.109120550989068,0.7142857142857143,0.05263157894736841,1.0
RESP/GAFF/MMPBSA-Cor,20,1.3237878552526023,0.6661230932939114,2.6532014273751625,1.0299999999999998,0.5327146798659801,2.336624744952476,1.0099999999999998,-0.2098830285431326,2.2200362020284246,0.9496380410947637,0.05311745531186221,0.9910822556071075,0.6135540312664841,0.034363161013437345,1.1957116399971681,0.8095238095238096,-0.1764705882352941,1.0
xtb-GNF/Machine Learning/CORINA MD,28,2.4300558488585047,1.3967128373039095,3.6810474227947636,2.108571428571429,1.0878990251761194,3.41223882542906,0.8228571428571427,-1.0994704065216505,2.802848621524966,0.0007349454864756778,0.00031534995172447725,0.9354529140997833,0.013141095506492674,-0.8179550509430985,0.588032630251322,0.04761904761904762,-0.7894736842105262,0.9999999999999999
B2PLYPD3/SMD,23,4.763583585015442,2.258375005971567,6.902310441372191,3.8985714285714286,1.80827898408708,6.223013020173164,3.4957142857142856,0.8438064008080188,6.098954028729801,0.723770448114664,0.2404616120013131,0.9866915221531732,1.969682815134813,0.8456080803005871,3.73112552140179,0.5855400437691199,-0.058823529411764705,1.0
