{"RESP\/GAFF\/MMPBSA-Cor":{"sid":"20","RMSE":1.2412627979,"RMSE_lower_bound":0.7337346505,"RMSE_upper_bound":2.4498068114,"MAE":0.9533333333,"MAE_lower_bound":0.5744804117,"MAE_upper_bound":2.1307073635,"ME":0.9377777778,"ME_lower_bound":-0.1244142826,"ME_upper_bound":1.9880378601,"R2":0.9424527221,"R2_lower_bound":0.1026590287,"R2_upper_bound":0.9744637593,"m":0.6525768029,"m_lower_bound":0.1754526309,"m_upper_bound":1.1373221741,"kendall_tau":0.8333333333,"kendall_tau_lower_bound":0.0322580645,"kendall_tau_upper_bound":1.0},"AMOEBA\/DDM\/BAR":{"sid":"29","RMSE":1.2466265591,"RMSE_lower_bound":0.6819050601,"RMSE_upper_bound":2.5531462777,"MAE":0.9166666667,"MAE_lower_bound":0.5414908649,"MAE_upper_bound":2.134509814,"ME":-0.3588888889,"ME_lower_bound":-1.5912237838,"ME_upper_bound":0.8273261057,"R2":0.8013307051,"R2_lower_bound":0.3562606838,"R2_upper_bound":0.9719367156,"m":1.1082038108,"m_lower_bound":0.5796046148,"m_upper_bound":1.9443713845,"kendall_tau":0.7222222222,"kendall_tau_lower_bound":0.1724137931,"kendall_tau_upper_bound":1.0},"AMOEBA\/DDM\/BAR_2":{"sid":"30","RMSE":1.7849089613,"RMSE_lower_bound":0.8554561811,"RMSE_upper_bound":3.2372374069,"MAE":1.3077777778,"MAE_lower_bound":0.6739177852,"MAE_upper_bound":2.6952376394,"ME":-0.6188888889,"ME_lower_bound":-2.0930105094,"ME_upper_bound":0.7714385446,"R2":0.5541712409,"R2_lower_bound":0.0370237295,"R2_upper_bound":0.9577003379,"m":0.8664491144,"m_lower_bound":0.1359290469,"m_upper_bound":1.9188982091,"kendall_tau":0.5,"kendall_tau_lower_bound":-0.0909090909,"kendall_tau_upper_bound":1.0},"xtb-GNF\/Machine Learning\/CORINA MD":{"sid":"28","RMSE":2.2593189731,"RMSE_lower_bound":1.3843727367,"RMSE_upper_bound":3.4291355703,"MAE":1.9055555556,"MAE_lower_bound":1.0854048472,"MAE_upper_bound":3.0830357493,"ME":0.3744444444,"ME_lower_bound":-1.2706789567,"ME_upper_bound":2.130781508,"R2":0.0083842057,"R2_lower_bound":0.0002280499,"R2_upper_bound":0.7763364736,"m":0.0387091473,"m_lower_bound":-0.5839481332,"m_upper_bound":0.5047646701,"kendall_tau":0.0555555556,"kendall_tau_lower_bound":-0.6774193548,"kendall_tau_upper_bound":0.7777777778},"AMOEBA\/DDM\/BAR_3":{"sid":"31","RMSE":2.3202298737,"RMSE_lower_bound":1.4217971785,"RMSE_upper_bound":3.5810128881,"MAE":2.0511111111,"MAE_lower_bound":1.132211789,"MAE_upper_bound":3.2208552274,"ME":-0.2911111111,"ME_lower_bound":-1.9515708822,"ME_upper_bound":1.5215413702,"R2":0.6065494264,"R2_lower_bound":0.206114417,"R2_upper_bound":0.9172494795,"m":1.2952744692,"m_lower_bound":0.5425969092,"m_upper_bound":2.4077547351,"kendall_tau":0.7777777778,"kendall_tau_lower_bound":0.2413793103,"kendall_tau_upper_bound":1.0},"Docking\/GAFF\/YANK_REF":{"sid":"REF4","RMSE":4.0451149276,"RMSE_lower_bound":1.5405303257,"RMSE_upper_bound":5.8769746989,"MAE":2.9016666667,"MAE_lower_bound":1.2119348319,"MAE_upper_bound":4.9338919577,"ME":2.4023333333,"ME_lower_bound":0.4098625277,"ME_upper_bound":4.6658874237,"R2":0.1165382798,"R2_lower_bound":0.0006083262,"R2_upper_bound":0.6532438142,"m":-0.296830301,"m_lower_bound":-1.057017555,"m_upper_bound":0.530038707,"kendall_tau":-0.1111111111,"kendall_tau_lower_bound":-0.696969697,"kendall_tau_upper_bound":0.6},"B2PLYPD3\/SMD_QZ-R":{"sid":"23","RMSE":4.5246178476,"RMSE_lower_bound":2.5525851051,"RMSE_upper_bound":6.4079227294,"MAE":3.6966666667,"MAE_lower_bound":1.9541960997,"MAE_upper_bound":5.6855016946,"ME":3.15,"ME_lower_bound":0.85404446,"ME_upper_bound":5.4994260189,"R2":0.4861543735,"R2_lower_bound":0.0216974838,"R2_upper_bound":0.9244696945,"m":1.4284775268,"m_lower_bound":-0.1712288291,"m_upper_bound":2.919054207,"kendall_tau":0.3662335104,"kendall_tau_lower_bound":-0.3333333333,"kendall_tau_upper_bound":0.8787878788},"B2PLYPD3\/SMD_QZ-NR":{"sid":"24","RMSE":4.638959414,"RMSE_lower_bound":2.7701642935,"RMSE_upper_bound":6.455287283,"MAE":3.9522222222,"MAE_lower_bound":2.2333976128,"MAE_upper_bound":5.8298099949,"ME":2.6944444444,"ME_lower_bound":0.0585733567,"ME_upper_bound":5.331636679,"R2":0.5808464994,"R2_lower_bound":0.0307957547,"R2_upper_bound":0.962668832,"m":1.8433925006,"m_lower_bound":-0.2365947164,"m_upper_bound":3.2780266083,"kendall_tau":0.3888888889,"kendall_tau_lower_bound":-0.3125,"kendall_tau_upper_bound":0.9310344828},"FSDAM\/GAFF2\/OPC3":{"sid":"14","RMSE":5.0742651356,"RMSE_lower_bound":3.1239172265,"RMSE_upper_bound":8.8397073631,"MAE":4.6877777778,"MAE_lower_bound":2.5330140642,"MAE_upper_bound":7.8615810824,"ME":-0.7944444444,"ME_lower_bound":-5.3194841166,"ME_upper_bound":3.3996662719,"R2":0.7707603088,"R2_lower_bound":0.0075958782,"R2_upper_bound":0.9426962299,"m":-1.2585293175,"m_lower_bound":-2.6471529557,"m_upper_bound":0.180515889,"kendall_tau":-0.5916079783,"kendall_tau_lower_bound":-1.0,"kendall_tau_upper_bound":0.2413793103},"B2PLYPD3\/SMD_TZ":{"sid":"22","RMSE":5.0775267383,"RMSE_lower_bound":3.0434387584,"RMSE_upper_bound":7.0269676418,"MAE":4.2188888889,"MAE_lower_bound":2.3923455386,"MAE_upper_bound":6.3717291122,"ME":3.3611111111,"ME_lower_bound":0.6740685875,"ME_upper_bound":6.0446054834,"R2":0.5784974237,"R2_lower_bound":0.0221992357,"R2_upper_bound":0.9613734885,"m":1.8493247481,"m_lower_bound":-0.2920859141,"m_upper_bound":3.3102718635,"kendall_tau":0.3888888889,"kendall_tau_lower_bound":-0.3333333333,"kendall_tau_upper_bound":0.935483871},"RESP\/GAFF\/MMPBSA\/Nmode":{"sid":"18","RMSE":5.8413544852,"RMSE_lower_bound":4.4662788964,"RMSE_upper_bound":7.3085158785,"MAE":5.6,"MAE_lower_bound":4.2029096743,"MAE_upper_bound":7.0288237128,"ME":-5.6,"ME_lower_bound":-7.0258104767,"ME_upper_bound":-4.199227433,"R2":0.8120238994,"R2_lower_bound":0.4390294295,"R2_upper_bound":0.9820082415,"m":1.3992262881,"m_lower_bound":0.7881154129,"m_upper_bound":2.3993556163,"kendall_tau":0.8333333333,"kendall_tau_lower_bound":0.3125,"kendall_tau_upper_bound":1.0},"RESP\/GAFF\/MMPBSA":{"sid":"19","RMSE":8.0725653364,"RMSE_lower_bound":6.9577530364,"RMSE_upper_bound":9.3341341823,"MAE":7.98,"MAE_lower_bound":6.8120121336,"MAE_upper_bound":9.2004701272,"ME":7.98,"ME_lower_bound":6.8120121336,"ME_upper_bound":9.2004701272,"R2":0.9420524818,"R2_lower_bound":0.5441066398,"R2_upper_bound":0.9891505864,"m":1.4479652062,"m_lower_bound":0.959932969,"m_upper_bound":1.9914723286,"kendall_tau":0.8333333333,"kendall_tau_lower_bound":0.3939393939,"kendall_tau_upper_bound":1.0},"B2PLYPD3\/SMD_DZ":{"sid":"21","RMSE":8.1341905286,"RMSE_lower_bound":5.623431163,"RMSE_upper_bound":10.34105513,"MAE":7.1722222222,"MAE_lower_bound":4.5679064876,"MAE_upper_bound":9.7549089312,"ME":7.1722222222,"ME_lower_bound":4.4831759129,"ME_upper_bound":9.7503315632,"R2":0.5537428823,"R2_lower_bound":0.018721463,"R2_upper_bound":0.9647422219,"m":1.8034141919,"m_lower_bound":-0.3618467856,"m_upper_bound":3.2811611582,"kendall_tau":0.3888888889,"kendall_tau_lower_bound":-0.3333333333,"kendall_tau_upper_bound":0.935483871},"AM1-BCC\/GAFF\/MMPBSA":{"sid":"17","RMSE":10.9592365914,"RMSE_lower_bound":9.0220861973,"RMSE_upper_bound":12.798591494,"MAE":10.6066666667,"MAE_lower_bound":8.591296434,"MAE_upper_bound":12.5860423751,"ME":10.6066666667,"ME_lower_bound":8.591296434,"ME_upper_bound":12.5860423751,"R2":0.9122161041,"R2_lower_bound":0.5852199269,"R2_upper_bound":0.9861724587,"m":2.1199540977,"m_lower_bound":1.5504998453,"m_upper_bound":2.8323847985,"kendall_tau":0.8888888889,"kendall_tau_lower_bound":0.4285714286,"kendall_tau_upper_bound":1.0},"RESP\/GAFF\/MMGBSA":{"sid":"16","RMSE":11.8492587673,"RMSE_lower_bound":10.2874295538,"RMSE_upper_bound":13.472515015,"MAE":11.6822222222,"MAE_lower_bound":10.1226886551,"MAE_upper_bound":13.2869570851,"ME":11.6822222222,"ME_lower_bound":10.1226886551,"ME_upper_bound":13.2869570851,"R2":0.8771146511,"R2_lower_bound":0.4000548616,"R2_upper_bound":0.9884930421,"m":1.6876959271,"m_lower_bound":1.1013632868,"m_upper_bound":2.3638626735,"kendall_tau":0.7777777778,"kendall_tau_lower_bound":0.2258064516,"kendall_tau_upper_bound":1.0}}