ID,sid,RMSE,RMSE_lower_bound,RMSE_upper_bound,MAE,MAE_lower_bound,MAE_upper_bound,ME,ME_lower_bound,ME_upper_bound,R2,R2_lower_bound,R2_upper_bound,m,m_lower_bound,m_upper_bound,kendall_tau,kendall_tau_lower_bound,kendall_tau_upper_bound
FSDAM/GAFF2/OPC3_ranked,12,1.2314625451064274,1.3563411440541346,3.3894692428368542,1.0066666666666668,1.057791348829401,2.8369017113518264,0.4744444444444443,-0.9025043146581778,1.8719010383673675,0.03622591013384152,0.00012906326789451943,0.4611311863408002,0.16678184465779797,-1.259664220514853,1.6580517441159122,0.22594479646818835,-0.41176470588235287,0.5510204081632654
Noneq/Alchemy/CGENFF,26,1.546108016925079,1.167269476260333,2.3320910777085033,1.353888888888889,0.9321278242280668,2.0291094190829413,0.9883333333333333,0.23930250323308247,1.7388894446229897,0.053454354897222986,0.00013029074183096854,0.38537327350547557,0.23601821457659755,-0.4519519137635933,0.9505916236777899,0.1049185967152845,-0.40689655172413786,0.489655172413793
Noneq/Alchemy/consensus,27,1.6196244420646824,1.2051567702222583,2.1658916389385214,1.3783333333333332,0.9632542163637119,1.904192134046779,1.0794444444444444,0.4315560388036735,1.7228943686091895,0.03247512873574063,8.56511395116738e-05,0.3039095284290191,0.1779623367969001,-0.33272982567411247,0.7393949532600459,0.032679738562091505,-0.3793103448275862,0.445945945945946
FSDAM/GAFF2/OPC3_JB,13,1.7070279565503443,1.55203024616561,3.757828388823827,1.4844444444444447,1.2103898990760031,3.192598582493374,0.5411111111111112,-0.9384757652443082,2.038754073562691,0.011105855266663842,9.84739856430471e-05,0.4122840234990246,-0.13500505960461043,-1.5789965852689767,1.4705852606649557,0.026581740760963337,-0.4421768707482993,0.47651006711409405
Noneq/Alchemy/GAFF,25,1.8374635294944557,1.3524382044737953,2.5842668147223398,1.536111111111111,1.0667434693642996,2.236981037470353,1.1694444444444445,0.3701571607749217,1.9714894076675238,0.009846104314765233,6.972340430384876e-05,0.28482803180279276,0.12037539798109446,-0.5500359559512615,0.8277187866439573,0.019607843137254905,-0.3611111111111111,0.43448275862068964
Docking/GAFF/YANK_REF,REF1,2.6439590369158315,1.8735945219259673,3.4166650447379077,2.1914999999999996,1.512556170684056,2.935993640152138,0.642611111111111,-0.5766993245311183,1.8392251162642461,0.015069947670263522,8.726560786289293e-05,0.35726161823927577,-0.293553323296394,-1.5915982177568742,0.8655092036463221,-0.09803921568627452,-0.4383561643835616,0.2380952380952381
