{"FSDAM\/GAFF2\/OPC3_ranked":{"sid":"12","RMSE":1.2314625451,"RMSE_lower_bound":1.3563411441,"RMSE_upper_bound":3.3894692428,"MAE":1.0066666667,"MAE_lower_bound":1.0577913488,"MAE_upper_bound":2.8369017114,"ME":0.4744444444,"ME_lower_bound":-0.9025043147,"ME_upper_bound":1.8719010384,"R2":0.0362259101,"R2_lower_bound":0.0001290633,"R2_upper_bound":0.4611311863,"m":0.1667818447,"m_lower_bound":-1.2596642205,"m_upper_bound":1.6580517441,"kendall_tau":0.2259447965,"kendall_tau_lower_bound":-0.4117647059,"kendall_tau_upper_bound":0.5510204082},"Noneq\/Alchemy\/CGENFF":{"sid":"26","RMSE":1.5461080169,"RMSE_lower_bound":1.1672694763,"RMSE_upper_bound":2.3320910777,"MAE":1.3538888889,"MAE_lower_bound":0.9321278242,"MAE_upper_bound":2.0291094191,"ME":0.9883333333,"ME_lower_bound":0.2393025032,"ME_upper_bound":1.7388894446,"R2":0.0534543549,"R2_lower_bound":0.0001302907,"R2_upper_bound":0.3853732735,"m":0.2360182146,"m_lower_bound":-0.4519519138,"m_upper_bound":0.9505916237,"kendall_tau":0.1049185967,"kendall_tau_lower_bound":-0.4068965517,"kendall_tau_upper_bound":0.4896551724},"Noneq\/Alchemy\/consensus":{"sid":"27","RMSE":1.6196244421,"RMSE_lower_bound":1.2051567702,"RMSE_upper_bound":2.1658916389,"MAE":1.3783333333,"MAE_lower_bound":0.9632542164,"MAE_upper_bound":1.904192134,"ME":1.0794444444,"ME_lower_bound":0.4315560388,"ME_upper_bound":1.7228943686,"R2":0.0324751287,"R2_lower_bound":0.0000856511,"R2_upper_bound":0.3039095284,"m":0.1779623368,"m_lower_bound":-0.3327298257,"m_upper_bound":0.7393949533,"kendall_tau":0.0326797386,"kendall_tau_lower_bound":-0.3793103448,"kendall_tau_upper_bound":0.4459459459},"FSDAM\/GAFF2\/OPC3_JB":{"sid":"13","RMSE":1.7070279566,"RMSE_lower_bound":1.5520302462,"RMSE_upper_bound":3.7578283888,"MAE":1.4844444444,"MAE_lower_bound":1.2103898991,"MAE_upper_bound":3.1925985825,"ME":0.5411111111,"ME_lower_bound":-0.9384757652,"ME_upper_bound":2.0387540736,"R2":0.0111058553,"R2_lower_bound":0.000098474,"R2_upper_bound":0.4122840235,"m":-0.1350050596,"m_lower_bound":-1.5789965853,"m_upper_bound":1.4705852607,"kendall_tau":0.0265817408,"kendall_tau_lower_bound":-0.4421768707,"kendall_tau_upper_bound":0.4765100671},"Noneq\/Alchemy\/GAFF":{"sid":"25","RMSE":1.8374635295,"RMSE_lower_bound":1.3524382045,"RMSE_upper_bound":2.5842668147,"MAE":1.5361111111,"MAE_lower_bound":1.0667434694,"MAE_upper_bound":2.2369810375,"ME":1.1694444444,"ME_lower_bound":0.3701571608,"ME_upper_bound":1.9714894077,"R2":0.0098461043,"R2_lower_bound":0.0000697234,"R2_upper_bound":0.2848280318,"m":0.120375398,"m_lower_bound":-0.550035956,"m_upper_bound":0.8277187866,"kendall_tau":0.0196078431,"kendall_tau_lower_bound":-0.3611111111,"kendall_tau_upper_bound":0.4344827586},"Docking\/GAFF\/YANK_REF":{"sid":"REF1","RMSE":2.6439590369,"RMSE_lower_bound":1.8735945219,"RMSE_upper_bound":3.4166650447,"MAE":2.1915,"MAE_lower_bound":1.5125561707,"MAE_upper_bound":2.9359936402,"ME":0.6426111111,"ME_lower_bound":-0.5766993245,"ME_upper_bound":1.8392251163,"R2":0.0150699477,"R2_lower_bound":0.0000872656,"R2_upper_bound":0.3572616182,"m":-0.2935533233,"m_lower_bound":-1.5915982178,"m_upper_bound":0.8655092036,"kendall_tau":-0.0980392157,"kendall_tau_lower_bound":-0.4383561644,"kendall_tau_upper_bound":0.2380952381}}