SIDs,Best poses average,Best poses stds,Successes best poses,Fails best poses,Success rate best poses,Highest poses average,Highest poses stds,Successes highest poses,Fails highest poses,Successes rate highest poses
77,3.4319714792160876,1.756601200095583,11,34,0.24444444444444444,4.405771072579996,2.088417828916852,7,38,0.15555555555555556
75,3.455200474815675,1.6404124854357505,9,37,0.1956521739130435,5.123027146135387,1.8090564541762173,3,43,0.06521739130434782
64,4.544615404502674,1.9020187407563607,6,40,0.13043478260869565,4.544615404502674,1.9020187407563607,6,40,0.13043478260869565
79,4.636847387667865,1.2707877215697752,1,45,0.021739130434782608,4.637138793778814,1.2706122106958078,1,45,0.021739130434782608
80,5.196065310900022,1.137985618145365,0,45,0.0,5.196065310900022,1.137985618145365,0,45,0.0
