ID,sid,RMSE,RMSE_lower_bound,RMSE_upper_bound,MAE,MAE_lower_bound,MAE_upper_bound,ME,ME_lower_bound,ME_upper_bound,R2,R2_lower_bound,R2_upper_bound,m,m_lower_bound,m_upper_bound,kendall_tau,kendall_tau_lower_bound,kendall_tau_upper_bound
RESP/GAFF/MMPBSA-Cor,20,,1.217613438352843,,,0.9716317202021956,,,0.3750839441802198,,,0.12111476730991214,,,0.2860952532020741,,,0.14287992527381863,
AMOEBA/DDM/BAR,29,,0.9312076301604647,,,0.7263997084239058,,,-0.9360937146247182,,,0.5275079138934698,,,0.8115700956497077,,,0.47826086956521746,
B2PLYPD3/SMD,23,,2.9043120960120232,,,2.152829254248637,,,0.4646203596315353,,,0.07723971326985443,,,0.590300218640112,,,0.06306306306306307,
xtb-GNF/Machine Learning/CORINA MD,28,,1.376546126827308,,,1.0397571203907918,,,-0.48118131934367325,,,0.0035914917690058655,,,-0.053412923487204896,,,-0.08867102661511511,
