{"AMOEBA\/DDM\/BAR":{"sid":"29","RMSE":1.0519505692,"RMSE_lower_bound":0.7868924068,"RMSE_upper_bound":2.1563066383,"MAE":0.788,"MAE_lower_bound":0.6090376325,"MAE_upper_bound":1.7557429153,"ME":-0.304,"ME_lower_bound":-1.1961697448,"ME_upper_bound":0.5775156433,"R2":0.8266462017,"R2_lower_bound":0.4062013402,"R2_upper_bound":0.9273704541,"m":1.1428317916,"m_lower_bound":0.69058026,"m_upper_bound":1.8003425837,"kendall_tau":0.7846979774,"kendall_tau_lower_bound":0.3626373626,"kendall_tau_upper_bound":0.9300465035},"RESP\/GAFF\/MMPBSA-Cor":{"sid":"20","RMSE":1.4484014177,"RMSE_lower_bound":1.0368248236,"RMSE_upper_bound":2.4630334934,"MAE":1.1626666667,"MAE_lower_bound":0.8169547548,"MAE_upper_bound":2.1224679393,"ME":1.0186666667,"ME_lower_bound":0.1466608449,"ME_upper_bound":1.8944267425,"R2":0.7047729384,"R2_lower_bound":0.0285685885,"R2_upper_bound":0.8688160997,"m":0.6112381582,"m_lower_bound":0.1219441829,"m_upper_bound":1.0114767833,"kendall_tau":0.5741692518,"kendall_tau_lower_bound":-0.0101010101,"kendall_tau_upper_bound":0.8333333333},"xtb-GNF\/Machine Learning\/CORINA MD":{"sid":"28","RMSE":1.7724070262,"RMSE_lower_bound":1.1606472987,"RMSE_upper_bound":2.79406818,"MAE":1.2706666667,"MAE_lower_bound":0.8797606135,"MAE_upper_bound":2.3203697672,"ME":0.312,"ME_lower_bound":-0.7475760422,"ME_upper_bound":1.4349751356,"R2":0.173997122,"R2_lower_bound":0.0005309183,"R2_upper_bound":0.6153007303,"m":0.273862947,"m_lower_bound":-0.2056672025,"m_upper_bound":0.843261911,"kendall_tau":0.3445015511,"kendall_tau_lower_bound":-0.2315917783,"kendall_tau_upper_bound":0.6770032004},"B2PLYPD3\/SMD":{"sid":"23","RMSE":3.9181619841,"RMSE_lower_bound":2.4895474037,"RMSE_upper_bound":5.4600326027,"MAE":3.0046666667,"MAE_lower_bound":1.8104689481,"MAE_upper_bound":4.5663305759,"ME":1.8406666667,"ME_lower_bound":-0.0927370732,"ME_upper_bound":3.7504260451,"R2":0.2851023069,"R2_lower_bound":0.0188815208,"R2_upper_bound":0.6159456538,"m":1.1716446322,"m_lower_bound":0.2471594886,"m_upper_bound":2.2557276286,"kendall_tau":0.3512571265,"kendall_tau_lower_bound":-0.0638297872,"kendall_tau_upper_bound":0.6631578947}}