ID,sid,RMSE,RMSE_lower_bound,RMSE_upper_bound,MAE,MAE_lower_bound,MAE_upper_bound,ME,ME_lower_bound,ME_upper_bound,R2,R2_lower_bound,R2_upper_bound,m,m_lower_bound,m_upper_bound,kendall_tau,kendall_tau_lower_bound,kendall_tau_upper_bound
AMOEBA/DDM/BAR,29,1.0519505691808908,0.7868924068151697,2.1563066383112792,0.788,0.6090376325358133,1.7557429152647976,-0.3040000000000001,-1.1961697447523416,0.5775156433366606,0.8266462016923221,0.4062013402125839,0.9273704540667509,1.1428317915723487,0.6905802599929376,1.8003425836709785,0.7846979774097267,0.3626373626373627,0.9300465034877907
RESP/GAFF/MMPBSA-Cor,20,1.4484014176555706,1.0368248236496151,2.4630334934043243,1.1626666666666665,0.8169547547984578,2.1224679393351717,1.0186666666666666,0.14666084493559955,1.894426742526654,0.7047729383682843,0.02856858853123646,0.868816099738553,0.6112381582232641,0.12194418288114967,1.0114767832511649,0.5741692517632146,-0.010101010101010102,0.8333333333333335
xtb-GNF/Machine Learning/CORINA MD,28,1.7724070262404927,1.160647298657164,2.794068180025968,1.2706666666666668,0.8797606135384374,2.3203697671515027,0.31199999999999994,-0.7475760421824957,1.4349751356483877,0.17399712202082088,0.0005309183347551649,0.6153007303393788,0.27386294697484,-0.20566720246100026,0.8432619110021264,0.3445015510579288,-0.23159177829329272,0.6770032003863301
B2PLYPD3/SMD,23,3.9181619840600432,2.489547403745199,5.460032602674531,3.004666666666667,1.8104689480661584,4.56633057593163,1.8406666666666667,-0.09273707317621721,3.750426045056282,0.2851023069023313,0.01888152082113179,0.6159456538291397,1.1716446321749665,0.2471594886021295,2.2557276286188834,0.3512571265129341,-0.06382978723404255,0.6631578947368422
