{"RESP\/GAFF\/MMPBSA-Cor":{"sid":"20","RMSE":1.2412627979,"RMSE_lower_bound":0.7582348301,"RMSE_upper_bound":2.4645275145,"MAE":0.9533333333,"MAE_lower_bound":0.5861218467,"MAE_upper_bound":2.1516830183,"ME":0.9377777778,"ME_lower_bound":-0.129182069,"ME_upper_bound":1.9927575652,"R2":0.9424527221,"R2_lower_bound":0.1082190816,"R2_upper_bound":0.9696864372,"m":0.6525768029,"m_lower_bound":0.1800506089,"m_upper_bound":1.1420077138,"kendall_tau":0.8333333333,"kendall_tau_lower_bound":0.0322580645,"kendall_tau_upper_bound":1.0},"AMOEBA\/DDM\/BAR":{"sid":"29","RMSE":1.2466265591,"RMSE_lower_bound":0.6764771021,"RMSE_upper_bound":2.5284566195,"MAE":0.9166666667,"MAE_lower_bound":0.5356538946,"MAE_upper_bound":2.1220874012,"ME":-0.3588888889,"ME_lower_bound":-1.5384955599,"ME_upper_bound":0.8286025944,"R2":0.8013307051,"R2_lower_bound":0.3398041353,"R2_upper_bound":0.9708529822,"m":1.1082038108,"m_lower_bound":0.5663078696,"m_upper_bound":1.9678056208,"kendall_tau":0.7222222222,"kendall_tau_lower_bound":0.1764705882,"kendall_tau_upper_bound":1.0},"xtb-GNF\/Machine Learning\/CORINA MD":{"sid":"28","RMSE":2.2593189731,"RMSE_lower_bound":1.3905682031,"RMSE_upper_bound":3.4432299064,"MAE":1.9055555556,"MAE_lower_bound":1.09624394,"MAE_upper_bound":3.1180709189,"ME":0.3744444444,"ME_lower_bound":-1.3063186231,"ME_upper_bound":2.0630029046,"R2":0.0083842057,"R2_lower_bound":0.0002829901,"R2_upper_bound":0.7815398864,"m":0.0387091473,"m_lower_bound":-0.5824531074,"m_upper_bound":0.5387650631,"kendall_tau":0.0555555556,"kendall_tau_lower_bound":-0.6363636364,"kendall_tau_upper_bound":0.8064516129},"B2PLYPD3\/SMD_QZ-R":{"sid":"23","RMSE":4.5246178476,"RMSE_lower_bound":2.5163876038,"RMSE_upper_bound":6.3859277235,"MAE":3.6966666667,"MAE_lower_bound":1.9575023229,"MAE_upper_bound":5.6724473201,"ME":3.15,"ME_lower_bound":0.8359918017,"ME_upper_bound":5.4442514157,"R2":0.4861543735,"R2_lower_bound":0.0297961561,"R2_upper_bound":0.9303275904,"m":1.4284775268,"m_lower_bound":-0.111742179,"m_upper_bound":2.9839977662,"kendall_tau":0.3662335104,"kendall_tau_lower_bound":-0.3125,"kendall_tau_upper_bound":0.875}}