{"sga28":{"name":"Xiaoyu Ding","category":"Empirical","type":"Standard","RMSE":0.3026983908,"RMSE_lower_bound":0.2036638097,"RMSE_upper_bound":0.3894260284,"MAE":0.2321052632,"MAE_lower_bound":0.1494736842,"MAE_upper_bound":0.3242105263,"ME":-0.0794736842,"ME_lower_bound":-0.2115789474,"ME_upper_bound":0.05,"R2":0.2462525297,"R2_lower_bound":0.0126923816,"R2_upper_bound":0.578718878,"m":0.1135137018,"m_lower_bound":0.0221344735,"m_upper_bound":0.206361117,"kendall_tau":0.2523080038,"kendall_tau_lower_bound":-0.1188435998,"kendall_tau_upper_bound":0.5552299116,"ES":1.3192597758,"ES_lower_bound":1.2146858695,"ES_upper_bound":1.413094179},"qwo91":{"name":"Xiaoyu Ding","category":"Empirical","type":"Standard","RMSE":0.5495883627,"RMSE_lower_bound":0.4239972691,"RMSE_upper_bound":0.6583871841,"MAE":0.4678947368,"MAE_lower_bound":0.3405263158,"MAE_upper_bound":0.5973684211,"ME":0.3542105263,"ME_lower_bound":0.1647368421,"ME_upper_bound":0.5389473684,"R2":0.0562501976,"R2_lower_bound":0.0002281645,"R2_upper_bound":0.2899351971,"m":0.2636254495,"m_lower_bound":-0.1244600183,"m_upper_bound":0.7050564458,"kendall_tau":0.1235294118,"kendall_tau_lower_bound":-0.1812080537,"kendall_tau_upper_bound":0.4060606061,"ES":1.0330760661,"ES_lower_bound":0.8602662435,"ES_upper_bound":1.2059019179}}