ID,name,category,type,RMSE,RMSE_lower_bound,RMSE_upper_bound,MAE,MAE_lower_bound,MAE_upper_bound,ME,ME_lower_bound,ME_upper_bound,R2,R2_lower_bound,R2_upper_bound,m,m_lower_bound,m_upper_bound,kendall_tau,kendall_tau_lower_bound,kendall_tau_upper_bound,ES,ES_lower_bound,ES_upper_bound
sga28,Xiaoyu Ding,Empirical,Standard,0.3026983907943247,0.20314630455076352,0.3900202423896538,0.2321052631578948,0.14631578947368426,0.32368421052631574,-0.07947368421052635,-0.21473684210526325,0.047894736842105226,0.2462525297325322,0.013134787251009016,0.5754317197483763,0.11351370182387256,0.02273203888285804,0.20733197967491976,0.25230800376163204,-0.12630231882340054,0.5500107425022228,1.319259775752767,1.2016862622522502,1.4148734101127651
qwo91,Xiaoyu Ding,Empirical,Standard,0.5495883627052638,0.4214885900934298,0.6601475114261245,0.4678947368421053,0.3373684210526317,0.5989473684210526,0.3542105263157895,0.15894736842105264,0.541578947368421,0.056250197588481037,0.0002562678495950581,0.2948693908355828,0.26362544953666245,-0.12615072184336673,0.7111365859301871,0.12352941176470586,-0.1863354037267081,0.4119054981951847,1.0330760661361034,0.8559063258878123,1.2096046420299265
