{"sga28":{"name":"Xiaoyu Ding","category":"Empirical","type":"Standard","RMSE":0.3026983908,"RMSE_lower_bound":0.2031463046,"RMSE_upper_bound":0.3900202424,"MAE":0.2321052632,"MAE_lower_bound":0.1463157895,"MAE_upper_bound":0.3236842105,"ME":-0.0794736842,"ME_lower_bound":-0.2147368421,"ME_upper_bound":0.0478947368,"R2":0.2462525297,"R2_lower_bound":0.0131347873,"R2_upper_bound":0.5754317197,"m":0.1135137018,"m_lower_bound":0.0227320389,"m_upper_bound":0.2073319797,"kendall_tau":0.2523080038,"kendall_tau_lower_bound":-0.1263023188,"kendall_tau_upper_bound":0.5500107425,"ES":1.3192597758,"ES_lower_bound":1.2016862623,"ES_upper_bound":1.4148734101},"qwo91":{"name":"Xiaoyu Ding","category":"Empirical","type":"Standard","RMSE":0.5495883627,"RMSE_lower_bound":0.4214885901,"RMSE_upper_bound":0.6601475114,"MAE":0.4678947368,"MAE_lower_bound":0.3373684211,"MAE_upper_bound":0.5989473684,"ME":0.3542105263,"ME_lower_bound":0.1589473684,"ME_upper_bound":0.5415789474,"R2":0.0562501976,"R2_lower_bound":0.0002562678,"R2_upper_bound":0.2948693908,"m":0.2636254495,"m_lower_bound":-0.1261507218,"m_upper_bound":0.7111365859,"kendall_tau":0.1235294118,"kendall_tau_lower_bound":-0.1863354037,"kendall_tau_upper_bound":0.4119054982,"ES":1.0330760661,"ES_lower_bound":0.8559063259,"ES_upper_bound":1.209604642}}