{"AMOEBA\/DDM\/BAR":{"sid":"6","RMSE":2.7627409397,"RMSE_lower_bound":1.8499555776,"RMSE_upper_bound":3.9700203613,"MAE":2.12375,"MAE_lower_bound":1.3629448189,"MAE_upper_bound":3.3331218607,"ME":-1.685,"ME_lower_bound":-2.9807847732,"ME_upper_bound":-0.4295205984,"R2":0.5046967638,"R2_lower_bound":0.1254402054,"R2_upper_bound":0.7736193149,"m":1.2495810375,"m_lower_bound":0.5286011359,"m_upper_bound":2.0434481389,"kendall_tau":0.4666666667,"kendall_tau_lower_bound":0.1150442478,"kendall_tau_upper_bound":0.7358490566},"FSDAM\/GAFF2\/OPC3":{"sid":"4","RMSE":2.9684655127,"RMSE_lower_bound":2.0479813967,"RMSE_upper_bound":5.1569005051,"MAE":2.23875,"MAE_lower_bound":1.5796931021,"MAE_upper_bound":4.2341520767,"ME":0.42875,"ME_lower_bound":-1.5876866749,"ME_upper_bound":2.3933600658,"R2":0.1177690064,"R2_lower_bound":0.0002488065,"R2_upper_bound":0.5689527991,"m":0.6016425824,"m_lower_bound":-0.535333131,"m_upper_bound":1.6009428369,"kendall_tau":0.2353024259,"kendall_tau_lower_bound":-0.2212389381,"kendall_tau_upper_bound":0.625},"MD\/DOCKING\/GAFF\/xtb-GNF\/":{"sid":"5","RMSE":5.6524253644,"RMSE_lower_bound":3.8976021241,"RMSE_upper_bound":7.3542349459,"MAE":4.5125,"MAE_lower_bound":3.0017149389,"MAE_upper_bound":6.4025146026,"ME":-4.2275,"ME_lower_bound":-6.2010074803,"ME_upper_bound":-2.2900893056,"R2":0.0029442777,"R2_lower_bound":0.000056345,"R2_upper_bound":0.2522088161,"m":-0.1012371348,"m_lower_bound":-1.0027234279,"m_upper_bound":0.7904997818,"kendall_tau":-0.0504219484,"kendall_tau_lower_bound":-0.4053217417,"kendall_tau_upper_bound":0.3394495413}}