{"AMOEBA\/DDM\/BAR":{"sid":"6","RMSE":2.7627409397,"RMSE_lower_bound":1.8426833609,"RMSE_upper_bound":3.97329773,"MAE":2.12375,"MAE_lower_bound":1.3617821018,"MAE_upper_bound":3.3344483681,"ME":-1.685,"ME_lower_bound":-2.9763923618,"ME_upper_bound":-0.4313271536,"R2":0.5046967638,"R2_lower_bound":0.1299555177,"R2_upper_bound":0.775089342,"m":1.2495810375,"m_lower_bound":0.5344401248,"m_upper_bound":2.0540182621,"kendall_tau":0.4666666667,"kendall_tau_lower_bound":0.1228070175,"kendall_tau_upper_bound":0.7407407407},"FSDAM\/GAFF2\/OPC3":{"sid":"4","RMSE":2.9684655127,"RMSE_lower_bound":2.0506501127,"RMSE_upper_bound":5.1400332458,"MAE":2.23875,"MAE_lower_bound":1.5786755208,"MAE_upper_bound":4.2230727679,"ME":0.42875,"ME_lower_bound":-1.5927915606,"ME_upper_bound":2.3936459681,"R2":0.1177690064,"R2_lower_bound":0.0002634553,"R2_upper_bound":0.5649038228,"m":0.6016425824,"m_lower_bound":-0.530256811,"m_upper_bound":1.6005629161,"kendall_tau":0.2353024259,"kendall_tau_lower_bound":-0.2212389381,"kendall_tau_upper_bound":0.625},"MD\/DOCKING\/GAFF\/xtb-GNF\/":{"sid":"5","RMSE":5.6524253644,"RMSE_lower_bound":3.902111032,"RMSE_upper_bound":7.3420247163,"MAE":4.5125,"MAE_lower_bound":3.0262339834,"MAE_upper_bound":6.3937631394,"ME":-4.2275,"ME_lower_bound":-6.1847881773,"ME_upper_bound":-2.3062673069,"R2":0.0029442777,"R2_lower_bound":0.0000553185,"R2_upper_bound":0.2555623496,"m":-0.1012371348,"m_lower_bound":-1.0124474135,"m_upper_bound":0.7989274957,"kendall_tau":-0.0504219484,"kendall_tau_lower_bound":-0.4098780306,"kendall_tau_upper_bound":0.3448275862}}