ID,sid,RMSE,RMSE_lower_bound,RMSE_upper_bound,MAE,MAE_lower_bound,MAE_upper_bound,ME,ME_lower_bound,ME_upper_bound,R2,R2_lower_bound,R2_upper_bound,m,m_lower_bound,m_upper_bound,kendall_tau,kendall_tau_lower_bound,kendall_tau_upper_bound
AMOEBA/DDM/BAR,6,2.7627409397191047,1.8426833608686126,3.9732977300023595,2.1237500000000002,1.3617821017768108,3.334448368136189,-1.685,-2.9763923617827377,-0.4313271535880894,0.5046967638233594,0.12995551774786296,0.7750893420160887,1.2495810375298886,0.5344401247916349,2.0540182621269234,0.4666666666666666,0.12280701754385966,0.7407407407407407
FSDAM/GAFF2/OPC3,4,2.968465512684963,2.0506501126773355,5.140033245763088,2.23875,1.5786755208422747,4.223072767930318,0.4287500000000001,-1.592791560564184,2.3936459681154063,0.11776900639024335,0.00026345532555144686,0.564903822824123,0.6016425823890216,-0.5302568110259898,1.6005629161241326,0.235302425908485,-0.2212389380530973,0.625
MD/DOCKING/GAFF/xtb-GNF/,5,5.6524253643900515,3.9021110320240604,7.342024716260136,4.512499999999999,3.0262339834472005,6.393763139354837,-4.2275,-6.184788177291466,-2.3062673069403,0.0029442776861607635,5.53184723458296e-05,0.2555623495971966,-0.1012371348373012,-1.0124474134765895,0.7989274957139989,-0.050421948408961074,-0.40987803063838396,0.34482758620689663
