ID,sid,RMSE,RMSE_lower_bound,RMSE_upper_bound,MAE,MAE_lower_bound,MAE_upper_bound,ME,ME_lower_bound,ME_upper_bound,R2,R2_lower_bound,R2_upper_bound,m,m_lower_bound,m_upper_bound,kendall_tau,kendall_tau_lower_bound,kendall_tau_upper_bound
FSDAM/GAFF2/OPC3_ranked,12,1.2314625451064274,1.357781635433042,3.392689462453553,1.0066666666666668,1.0632098054623003,2.8648937772845104,0.4744444444444443,-0.9758283398427517,1.8436338753500334,0.03622591013384152,0.00011933314622838512,0.4538420926803158,0.16678184465779797,-1.2972283631056678,1.6429642237268784,0.22594479646818835,-0.4125874125874126,0.5310344827586206
Noneq/Alchemy/consensus,27,1.6196244420646824,1.200927609196464,2.1640735093738765,1.3783333333333332,0.9639076699369915,1.9108836610999331,1.0794444444444444,0.41667487119673674,1.7082336636977198,0.03247512873574063,0.00010803254532691635,0.2986527969255564,0.1779623367969001,-0.3372499021362431,0.7559868025334388,0.032679738562091505,-0.3741496598639456,0.45714285714285713
