{"FSDAM\/GAFF2\/OPC3_ranked":{"sid":"12","RMSE":1.2314625451,"RMSE_lower_bound":1.3577816354,"RMSE_upper_bound":3.3926894625,"MAE":1.0066666667,"MAE_lower_bound":1.0632098055,"MAE_upper_bound":2.8648937773,"ME":0.4744444444,"ME_lower_bound":-0.9758283398,"ME_upper_bound":1.8436338754,"R2":0.0362259101,"R2_lower_bound":0.0001193331,"R2_upper_bound":0.4538420927,"m":0.1667818447,"m_lower_bound":-1.2972283631,"m_upper_bound":1.6429642237,"kendall_tau":0.2259447965,"kendall_tau_lower_bound":-0.4125874126,"kendall_tau_upper_bound":0.5310344828},"Noneq\/Alchemy\/consensus":{"sid":"27","RMSE":1.6196244421,"RMSE_lower_bound":1.2009276092,"RMSE_upper_bound":2.1640735094,"MAE":1.3783333333,"MAE_lower_bound":0.9639076699,"MAE_upper_bound":1.9108836611,"ME":1.0794444444,"ME_lower_bound":0.4166748712,"ME_upper_bound":1.7082336637,"R2":0.0324751287,"R2_lower_bound":0.0001080325,"R2_upper_bound":0.2986527969,"m":0.1779623368,"m_lower_bound":-0.3372499021,"m_upper_bound":0.7559868025,"kendall_tau":0.0326797386,"kendall_tau_lower_bound":-0.3741496599,"kendall_tau_upper_bound":0.4571428571}}