ID,Sensitivity,Sensitivity_lower_bound,Sensitivity_upper_bound,Specificity,Specificity_lower_bound,Specificity_upper_bound,Precision,Precision_lower_bound,Precision_upper_bound,Balanced Accuracy,Balanced Accuracy_lower_bound,Balanced Accuracy_upper_bound,Accuracy,Accuracy_lower_bound,Accuracy_upper_bound,True Positive,True Positive_lower_bound,True Positive_upper_bound,False Negative,False Negative_lower_bound,False Negative_upper_bound,True Negative,True Negative_lower_bound,True Negative_upper_bound,False Positive,False Positive_lower_bound,False Positive_upper_bound
33,0.0,0.0,0.0,0.9129287598944591,0.8928571428571429,0.932806324110672,0.0,0.0,0.0,0.45646437994722955,0.4472295514511873,0.927536231884058,0.9117259552042161,0.8906455862977603,0.9314888010540184,0,0.0,0.0,1,0.0,3.0,692,676.0,707.0,66,51.0,81.0
35,0.0,0.0,0.0,0.9868073878627969,0.9776021080368906,0.9947159841479525,0.0,0.0,0.0,0.49340369393139843,0.4894459102902375,0.9920948616600791,0.9855072463768116,0.9762845849802372,0.9934123847167325,0,0.0,0.0,1,0.0,3.0,748,741.0,754.0,10,4.0,17.0
37,0.0,0.0,0.0,1.0,1.0,1.0,0.0,0.0,0.0,0.5,0.5,1.0,0.9986824769433466,0.9960474308300395,1.0,0,0.0,0.0,1,0.0,3.0,758,756.0,759.0,0,0.0,0.0
38,0.0,0.0,0.0,0.521108179419525,0.48548812664907653,0.5567282321899736,0.0,0.0,0.0,0.2605540897097625,0.24438573315719947,0.5480895915678524,0.5204216073781291,0.48484848484848486,0.5559947299077734,0,0.0,0.0,1,0.0,3.0,395,368.0,422.0,363,336.0,390.0
43,0.0,0.0,0.0,0.9643799472295514,0.9511228533685601,0.9775725593667546,0.0,0.0,0.0,0.4821899736147757,0.4762532981530343,0.9736495388669302,0.9631093544137023,0.9486166007905138,0.9762845849802372,0,0.0,0.0,1,0.0,3.0,731,720.0,741.0,27,17.0,37.0
44,0.0,0.0,0.0,1.0,1.0,1.0,0.0,0.0,0.0,0.5,0.5,1.0,0.9986824769433466,0.9960474308300395,1.0,0,0.0,0.0,1,0.0,3.0,758,756.0,759.0,0,0.0,0.0
52,0.0,0.0,0.0,1.0,1.0,1.0,0.0,0.0,0.0,0.5,0.5,1.0,0.9986824769433466,0.9960474308300395,1.0,0,0.0,0.0,1,0.0,3.0,758,756.0,759.0,0,0.0,0.0
55,0.0,0.0,0.0,0.9920844327176781,0.9854689564068693,0.997364953886693,0.0,0.0,0.0,0.49604221635883905,0.49274406332453824,0.9960474308300395,0.9907773386034255,0.9828722002635046,0.997364953886693,0,0.0,0.0,1,0.0,3.0,752,746.0,757.0,6,2.0,11.0
56,0.0,0.0,0.0,0.9894459102902374,0.9815303430079155,0.996042216358839,0.0,0.0,0.0,0.4947229551451187,0.4914134742404227,0.994729907773386,0.9881422924901185,0.9802371541501976,0.994729907773386,0,0.0,0.0,1,0.0,3.0,750,744.0,755.0,8,3.0,14.0
