{"SGA28":{"name":"GROVER","category":"Empirical","reassigned_category":"Empirical","type":"Standard","RMSE":0.3026983908,"RMSE_lower_bound":0.2057208123,"RMSE_upper_bound":0.3903170102,"MAE":0.2321052632,"MAE_lower_bound":0.1494736842,"MAE_upper_bound":0.3236842105,"ME":-0.0794736842,"ME_lower_bound":-0.2142105263,"ME_upper_bound":0.0515789474,"R2":0.2462525297,"R2_lower_bound":0.0147021503,"R2_upper_bound":0.5847184527,"m":0.1135137018,"m_lower_bound":0.0246525128,"m_upper_bound":0.2081375596,"kendall_tau":0.2523080038,"kendall_tau_lower_bound":-0.1241830065,"kendall_tau_upper_bound":0.5545844152,"ES":0.0,"ES_lower_bound":0.0,"ES_upper_bound":0.0},"QWO91":{"name":"permeability-prediction-Attentive FP","category":"Empirical","reassigned_category":"Empirical","type":"Standard","RMSE":0.5495883627,"RMSE_lower_bound":0.4209388004,"RMSE_upper_bound":0.6606973987,"MAE":0.4678947368,"MAE_lower_bound":0.3378947368,"MAE_upper_bound":0.5978947368,"ME":0.3542105263,"ME_lower_bound":0.1605263158,"ME_upper_bound":0.5410526316,"R2":0.0562501976,"R2_lower_bound":0.0002048576,"R2_upper_bound":0.2949576021,"m":0.2636254495,"m_lower_bound":-0.1214557131,"m_upper_bound":0.7079668329,"kendall_tau":0.1235294118,"kendall_tau_lower_bound":-0.1795203779,"kendall_tau_upper_bound":0.4088050314,"ES":0.0,"ES_lower_bound":0.0,"ES_upper_bound":0.0}}