{"QWO91":{"name":"permeability-prediction-Attentive FP","category":"Empirical","reassigned_category":"Empirical","type":"Standard","RMSE":0.5495883627,"RMSE_lower_bound":0.4223991627,"RMSE_upper_bound":0.657919368,"MAE":0.4678947368,"MAE_lower_bound":0.3389473684,"MAE_upper_bound":0.5952631579,"ME":0.3542105263,"ME_lower_bound":0.1636842105,"ME_upper_bound":0.5368421053,"R2":0.0562501976,"R2_lower_bound":0.0002438595,"R2_upper_bound":0.2880050518,"m":0.2636254495,"m_lower_bound":-0.1322852818,"m_upper_bound":0.7129149378,"kendall_tau":0.1235294118,"kendall_tau_lower_bound":-0.1834870965,"kendall_tau_upper_bound":0.4110429448,"ES":0.0,"ES_lower_bound":0.0,"ES_upper_bound":0.0}}