{"SGA28":{"name":"GROVER","category":"Empirical","reassigned_category":"Empirical","type":"Standard","RMSE":0.3026983908,"RMSE_lower_bound":0.2018076207,"RMSE_upper_bound":0.3881603033,"MAE":0.2321052632,"MAE_lower_bound":0.1484210526,"MAE_upper_bound":0.3215789474,"ME":-0.0794736842,"ME_lower_bound":-0.2147368421,"ME_upper_bound":0.0505263158,"R2":0.2462525297,"R2_lower_bound":0.0144179093,"R2_upper_bound":0.5765814924,"m":0.1135137018,"m_lower_bound":0.0254847151,"m_upper_bound":0.2111089618,"kendall_tau":0.2523080038,"kendall_tau_lower_bound":-0.1150306523,"kendall_tau_upper_bound":0.5505107452,"ES":0.0,"ES_lower_bound":0.0,"ES_upper_bound":0.0},"QWO91":{"name":"permeability-prediction-Attentive FP","category":"Empirical","reassigned_category":"Empirical","type":"Standard","RMSE":0.5495883627,"RMSE_lower_bound":0.4220501342,"RMSE_upper_bound":0.6587148572,"MAE":0.4678947368,"MAE_lower_bound":0.3378947368,"MAE_upper_bound":0.5973684211,"ME":0.3542105263,"ME_lower_bound":0.1605263158,"ME_upper_bound":0.5410526316,"R2":0.0562501976,"R2_lower_bound":0.0002591848,"R2_upper_bound":0.2919854969,"m":0.2636254495,"m_lower_bound":-0.1264273392,"m_upper_bound":0.7057581512,"kendall_tau":0.1235294118,"kendall_tau_lower_bound":-0.1824043678,"kendall_tau_upper_bound":0.4135802469,"ES":0.0,"ES_lower_bound":0.0,"ES_upper_bound":0.0}}