ID,name,category,reassigned_category,type,RMSE,RMSE_lower_bound,RMSE_upper_bound,MAE,MAE_lower_bound,MAE_upper_bound,ME,ME_lower_bound,ME_upper_bound,R2,R2_lower_bound,R2_upper_bound,m,m_lower_bound,m_upper_bound,kendall_tau,kendall_tau_lower_bound,kendall_tau_upper_bound,ES,ES_lower_bound,ES_upper_bound
QWO91,permeability-prediction-Attentive FP,Empirical,Empirical,Standard,0.5495883627052638,0.42287238338720934,0.6602272336097625,0.4678947368421053,0.3426315789473685,0.5984210526315792,0.3542105263157895,0.16526315789473686,0.5373684210526317,0.056250197588481037,0.00018551923067743975,0.29145587772063575,0.26362544953666245,-0.12878058464439884,0.7044204227391184,0.12352941176470586,-0.1923076923076923,0.41104294478527614,-0.0,-0.0,-0.0
