{"SGA28":{"name":"GROVER","category":"Empirical","reassigned_category":"Empirical","type":"Standard","RMSE":0.3026983908,"RMSE_lower_bound":0.202887057,"RMSE_upper_bound":0.3897435054,"MAE":0.2321052632,"MAE_lower_bound":0.1478947368,"MAE_upper_bound":0.3221052632,"ME":-0.0794736842,"ME_lower_bound":-0.2121052632,"ME_upper_bound":0.0484210526,"R2":0.2462525297,"R2_lower_bound":0.0133275511,"R2_upper_bound":0.583832529,"m":0.1135137018,"m_lower_bound":0.0241790543,"m_upper_bound":0.2092473104,"kendall_tau":0.2523080038,"kendall_tau_lower_bound":-0.1222022893,"kendall_tau_upper_bound":0.5513273628,"ES":0.0,"ES_lower_bound":0.0,"ES_upper_bound":0.0},"QWO91":{"name":"permeability-prediction-Attentive FP","category":"Empirical","reassigned_category":"Empirical","type":"Standard","RMSE":0.5495883627,"RMSE_lower_bound":0.4231647682,"RMSE_upper_bound":0.6585989915,"MAE":0.4678947368,"MAE_lower_bound":0.3405263158,"MAE_upper_bound":0.5973684211,"ME":0.3542105263,"ME_lower_bound":0.1647368421,"ME_upper_bound":0.5405263158,"R2":0.0562501976,"R2_lower_bound":0.0001767063,"R2_upper_bound":0.2920437361,"m":0.2636254495,"m_lower_bound":-0.1351460222,"m_upper_bound":0.720598268,"kendall_tau":0.1235294118,"kendall_tau_lower_bound":-0.1901840491,"kendall_tau_upper_bound":0.4197530864,"ES":0.0,"ES_lower_bound":0.0,"ES_upper_bound":0.0}}