{"SGA28":{"name":"GROVER","category":"Empirical","reassigned_category":"Empirical","type":"Standard","RMSE":0.3026983908,"RMSE_lower_bound":0.2050545499,"RMSE_upper_bound":0.3910512148,"MAE":0.2321052632,"MAE_lower_bound":0.1494736842,"MAE_upper_bound":0.3231578947,"ME":-0.0794736842,"ME_lower_bound":-0.2121052632,"ME_upper_bound":0.0505263158,"R2":0.2462525297,"R2_lower_bound":0.01612989,"R2_upper_bound":0.5784947655,"m":0.1135137018,"m_lower_bound":0.0255434733,"m_upper_bound":0.2073093401,"kendall_tau":0.2523080038,"kendall_tau_lower_bound":-0.1242451739,"kendall_tau_upper_bound":0.5548502571,"ES":0.0,"ES_lower_bound":0.0,"ES_upper_bound":0.0},"QWO91":{"name":"permeability-prediction-Attentive FP","category":"Empirical","reassigned_category":"Empirical","type":"Standard","RMSE":0.5495883627,"RMSE_lower_bound":0.4217008169,"RMSE_upper_bound":0.6615412626,"MAE":0.4678947368,"MAE_lower_bound":0.34,"MAE_upper_bound":0.6,"ME":0.3542105263,"ME_lower_bound":0.1642105263,"ME_upper_bound":0.5447368421,"R2":0.0562501976,"R2_lower_bound":0.0002201265,"R2_upper_bound":0.2982182678,"m":0.2636254495,"m_lower_bound":-0.1235842906,"m_upper_bound":0.7142957286,"kendall_tau":0.1235294118,"kendall_tau_lower_bound":-0.1835443038,"kendall_tau_upper_bound":0.4230769231,"ES":0.0,"ES_lower_bound":0.0,"ES_upper_bound":0.0}}