ID,name,category,reassigned_category,type,RMSE,RMSE_lower_bound,RMSE_upper_bound,MAE,MAE_lower_bound,MAE_upper_bound,ME,ME_lower_bound,ME_upper_bound,R2,R2_lower_bound,R2_upper_bound,m,m_lower_bound,m_upper_bound,kendall_tau,kendall_tau_lower_bound,kendall_tau_upper_bound,ES,ES_lower_bound,ES_upper_bound
SGA28,GROVER,Empirical,Empirical,Standard,0.3026983907943247,0.2045276972621763,0.3903642024139969,0.2321052631578948,0.14842105263157895,0.3221052631578949,-0.07947368421052635,-0.2142105263157895,0.04578947368421058,0.2462525297325322,0.01571438520717499,0.5836729494612373,0.11351370182387256,0.02709302758440992,0.2056545276990315,0.25230800376163204,-0.11161046793076415,0.5532910798458205,-0.0,-0.0,-0.0
QWO91,permeability-prediction-Attentive FP,Empirical,Empirical,Standard,0.5495883627052638,0.4230652556359549,0.658047350719896,0.4678947368421053,0.33789473684210536,0.5963157894736841,0.3542105263157895,0.16263157894736846,0.54,0.056250197588481037,0.00017829026817646766,0.2987482904043796,0.26362544953666245,-0.12347789164603587,0.7106239894164333,0.12352941176470586,-0.18691679485471005,0.41558441558441556,-0.0,-0.0,-0.0
