method name,file name,category,type,RMSE,RMSE_lower_bound,RMSE_upper_bound,MAE,MAE_lower_bound,MAE_upper_bound,ME,ME_lower_bound,ME_upper_bound,R2,R2_lower_bound,R2_upper_bound,m,m_lower_bound,m_upper_bound,kendall_tau,kendall_tau_lower_bound,kendall_tau_upper_bound,ES,ES_lower_bound,ES_upper_bound
Attentive FP,permeability-dddc-1,Empirical,Standard,0.5495883627052638,0.4257377497696761,0.6589864626035475,0.4678947368421053,0.3426315789473685,0.5973684210526315,0.3542105263157895,0.16736842105263147,0.5410526315789475,0.056250197588481037,0.000232151001700152,0.2948827807849025,0.26362544953666245,-0.13110801905479716,0.7128847050594539,0.12352941176470586,-0.18633899812498247,0.4140127388535032,-0.0,-0.0,-0.0
