{"SGA28":{"name":"GROVER","category":"Empirical","reassigned_category":"Empirical","type":"Standard","RMSE":0.3026983908,"RMSE_lower_bound":0.2047977179,"RMSE_upper_bound":0.3900202424,"MAE":0.2321052632,"MAE_lower_bound":0.1505263158,"MAE_upper_bound":0.3221052632,"ME":-0.0794736842,"ME_lower_bound":-0.2131578947,"ME_upper_bound":0.0484210526,"R2":0.2462525297,"R2_lower_bound":0.0137994226,"R2_upper_bound":0.5861047554,"m":0.1135137018,"m_lower_bound":0.0223438212,"m_upper_bound":0.2045365996,"kendall_tau":0.2523080038,"kendall_tau_lower_bound":-0.1278013976,"kendall_tau_upper_bound":0.5537329763,"ES":0.0,"ES_lower_bound":0.0,"ES_upper_bound":0.0},"QWO91":{"name":"permeability-prediction-Attentive FP","category":"Empirical","reassigned_category":"Empirical","type":"Standard","RMSE":0.5495883627,"RMSE_lower_bound":0.4214636152,"RMSE_upper_bound":0.6572310336,"MAE":0.4678947368,"MAE_lower_bound":0.3384210526,"MAE_upper_bound":0.5968421053,"ME":0.3542105263,"ME_lower_bound":0.1642105263,"ME_upper_bound":0.5368421053,"R2":0.0562501976,"R2_lower_bound":0.0002229393,"R2_upper_bound":0.2856327647,"m":0.2636254495,"m_lower_bound":-0.1188759329,"m_upper_bound":0.6975652212,"kendall_tau":0.1235294118,"kendall_tau_lower_bound":-0.175,"kendall_tau_upper_bound":0.4024787091,"ES":0.0,"ES_lower_bound":0.0,"ES_upper_bound":0.0}}