{"SGA28":{"name":"GROVER","category":"Empirical","reassigned_category":"Empirical","type":"Standard","RMSE":0.3026983908,"RMSE_lower_bound":0.2051315367,"RMSE_upper_bound":0.3910983185,"MAE":0.2321052632,"MAE_lower_bound":0.1489473684,"MAE_upper_bound":0.3226315789,"ME":-0.0794736842,"ME_lower_bound":-0.2126315789,"ME_upper_bound":0.0494736842,"R2":0.2462525297,"R2_lower_bound":0.0147046128,"R2_upper_bound":0.5808103711,"m":0.1135137018,"m_lower_bound":0.0256375309,"m_upper_bound":0.2066757585,"kendall_tau":0.2523080038,"kendall_tau_lower_bound":-0.1135787979,"kendall_tau_upper_bound":0.5525191313,"ES":0.0,"ES_lower_bound":0.0,"ES_upper_bound":0.0},"QWO91":{"name":"permeability-prediction-Attentive FP","category":"Empirical","reassigned_category":"Empirical","type":"Standard","RMSE":0.5495883627,"RMSE_lower_bound":0.4233015598,"RMSE_upper_bound":0.6608567008,"MAE":0.4678947368,"MAE_lower_bound":0.3389473684,"MAE_upper_bound":0.5989473684,"ME":0.3542105263,"ME_lower_bound":0.1631578947,"ME_upper_bound":0.5421052632,"R2":0.0562501976,"R2_lower_bound":0.0002353029,"R2_upper_bound":0.2928025325,"m":0.2636254495,"m_lower_bound":-0.1245812395,"m_upper_bound":0.7097697282,"kendall_tau":0.1235294118,"kendall_tau_lower_bound":-0.1840490798,"kendall_tau_upper_bound":0.4135881267,"ES":0.0,"ES_lower_bound":0.0,"ES_upper_bound":0.0}}