method name,file name,category,type,RMSE,RMSE_lower_bound,RMSE_upper_bound,MAE,MAE_lower_bound,MAE_upper_bound,ME,ME_lower_bound,ME_upper_bound,R2,R2_lower_bound,R2_upper_bound,m,m_lower_bound,m_upper_bound,kendall_tau,kendall_tau_lower_bound,kendall_tau_upper_bound,ES,ES_lower_bound,ES_upper_bound
Attentive FP,permeability-dddc-1,Empirical,Standard,0.5495883627052638,0.4201190307520002,0.6593098464942037,0.4678947368421053,0.336842105263158,0.5989473684210527,0.3542105263157895,0.16473684210526315,0.5421052631578948,0.056250197588481037,0.0001833173050423408,0.2914091719595339,0.26362544953666245,-0.11552327923721356,0.698576809721194,0.12352941176470586,-0.18181818181818182,0.4074074074074074,-0.0,-0.0,-0.0
