method name,file name,category,type,RMSE,RMSE_lower_bound,RMSE_upper_bound,MAE,MAE_lower_bound,MAE_upper_bound,ME,ME_lower_bound,ME_upper_bound,R2,R2_lower_bound,R2_upper_bound,m,m_lower_bound,m_upper_bound,kendall_tau,kendall_tau_lower_bound,kendall_tau_upper_bound,ES,ES_lower_bound,ES_upper_bound
Attentive FP,permeability-dddc-1,Empirical,Standard,0.5495883627052638,0.4210575657605626,0.6616088843036145,0.4678947368421053,0.34,0.5994736842105264,0.3542105263157895,0.16315789473684195,0.5378947368421052,0.056250197588481037,0.00022136427270872013,0.29252164642830036,0.26362544953666245,-0.12217505272508304,0.70485643752603,0.12352941176470586,-0.18068623502621972,0.41104294478527614,-0.0,-0.0,-0.0
