ID,name,category,reassigned_category,type,RMSE,RMSE_lower_bound,RMSE_upper_bound,MAE,MAE_lower_bound,MAE_upper_bound,ME,ME_lower_bound,ME_upper_bound,R2,R2_lower_bound,R2_upper_bound,m,m_lower_bound,m_upper_bound,kendall_tau,kendall_tau_lower_bound,kendall_tau_upper_bound,ES,ES_lower_bound,ES_upper_bound
SGA28,GROVER,Empirical,Empirical,Standard,0.3026983907943247,0.20461774373849304,0.392763488494968,0.2321052631578948,0.15000000000000016,0.32578947368421085,-0.07947368421052635,-0.2136842105263158,0.04736842105263164,0.2462525297325322,0.01389366055059599,0.5807354981670168,0.11351370182387256,0.024077586084888875,0.20901624960516596,0.25230800376163204,-0.11988873112836218,0.5562541597268215,-0.0,-0.0,-0.0
QWO91,permeability-prediction-Attentive FP,Empirical,Empirical,Standard,0.5495883627052638,0.42222468451113354,0.6593697149950333,0.4678947368421053,0.3373684210526317,0.5984210526315791,0.3542105263157895,0.16368421052631596,0.5410526315789475,0.056250197588481037,0.00018170069755872899,0.29145301121332984,0.26362544953666245,-0.1177068030542104,0.7139896090967078,0.12352941176470586,-0.1818335167131459,0.41104294478527614,-0.0,-0.0,-0.0
