{"SGA28":{"name":"GROVER","category":"Empirical","reassigned_category":"Empirical","type":"Standard","RMSE":0.3026983908,"RMSE_lower_bound":0.2054904275,"RMSE_upper_bound":0.3902293523,"MAE":0.2321052632,"MAE_lower_bound":0.15,"MAE_upper_bound":0.3226315789,"ME":-0.0794736842,"ME_lower_bound":-0.2105263158,"ME_upper_bound":0.0478947368,"R2":0.2462525297,"R2_lower_bound":0.0156603893,"R2_upper_bound":0.5872509838,"m":0.1135137018,"m_lower_bound":0.0241919155,"m_upper_bound":0.2077972241,"kendall_tau":0.2523080038,"kendall_tau_lower_bound":-0.1242254677,"kendall_tau_upper_bound":0.5532863886,"ES":0.0,"ES_lower_bound":0.0,"ES_upper_bound":0.0},"QWO91":{"name":"permeability-prediction-Attentive FP","category":"Empirical","reassigned_category":"Empirical","type":"Standard","RMSE":0.5495883627,"RMSE_lower_bound":0.4219191741,"RMSE_upper_bound":0.6573391338,"MAE":0.4678947368,"MAE_lower_bound":0.3415789474,"MAE_upper_bound":0.5936842105,"ME":0.3542105263,"ME_lower_bound":0.1610526316,"ME_upper_bound":0.5378947368,"R2":0.0562501976,"R2_lower_bound":0.0002289436,"R2_upper_bound":0.280174771,"m":0.2636254495,"m_lower_bound":-0.1271774814,"m_upper_bound":0.6969135312,"kendall_tau":0.1235294118,"kendall_tau_lower_bound":-0.1866666667,"kendall_tau_upper_bound":0.4085441803,"ES":0.0,"ES_lower_bound":0.0,"ES_upper_bound":0.0}}