method name,file name,category,type,RMSE,RMSE_lower_bound,RMSE_upper_bound,MAE,MAE_lower_bound,MAE_upper_bound,ME,ME_lower_bound,ME_upper_bound,R2,R2_lower_bound,R2_upper_bound,m,m_lower_bound,m_upper_bound,kendall_tau,kendall_tau_lower_bound,kendall_tau_upper_bound,ES,ES_lower_bound,ES_upper_bound
Attentive FP,permeability-dddc-1,Empirical,Standard,0.5495883627052638,0.42072618924401356,0.6577913602991532,0.4678947368421053,0.3389473684210528,0.5957894736842106,0.3542105263157895,0.1610526315789473,0.5363157894736843,0.056250197588481037,0.00023032794159702174,0.29336342587166947,0.26362544953666245,-0.12174899106619269,0.7207824129574206,0.12352941176470586,-0.1770501319570426,0.41121694868036207,-0.0,-0.0,-0.0
