ID,name,category,reassigned_category,type,RMSE,RMSE_lower_bound,RMSE_upper_bound,MAE,MAE_lower_bound,MAE_upper_bound,ME,ME_lower_bound,ME_upper_bound,R2,R2_lower_bound,R2_upper_bound,m,m_lower_bound,m_upper_bound,kendall_tau,kendall_tau_lower_bound,kendall_tau_upper_bound,ES,ES_lower_bound,ES_upper_bound
SGA28,GROVER,Empirical,Empirical,Standard,0.3026983907943247,0.2054904274886636,0.39022935226405114,0.2321052631578948,0.15000000000000002,0.32263157894736855,-0.07947368421052635,-0.2105263157894738,0.047894736842105226,0.2462525297325322,0.01566038932342316,0.5872509837962193,0.11351370182387256,0.024191915510524974,0.20779722413367707,0.25230800376163204,-0.12422546770965887,0.5532863886041022,-0.0,-0.0,-0.0
QWO91,permeability-prediction-Attentive FP,Empirical,Empirical,Standard,0.5495883627052638,0.4219191741005428,0.657339133813061,0.4678947368421053,0.34157894736842104,0.5936842105263157,0.3542105263157895,0.16105263157894734,0.5378947368421053,0.056250197588481037,0.000228943599358061,0.2801747710252588,0.26362544953666245,-0.12717748136756157,0.6969135312133162,0.12352941176470586,-0.18666666666666665,0.4085441803237998,-0.0,-0.0,-0.0
