ID,name,category,reassigned_category,type,RMSE,RMSE_lower_bound,RMSE_upper_bound,MAE,MAE_lower_bound,MAE_upper_bound,ME,ME_lower_bound,ME_upper_bound,R2,R2_lower_bound,R2_upper_bound,m,m_lower_bound,m_upper_bound,kendall_tau,kendall_tau_lower_bound,kendall_tau_upper_bound,ES,ES_lower_bound,ES_upper_bound
QWO91,permeability-prediction-Attentive FP,Empirical,Empirical,Standard,0.5495883627052638,0.4205134705896691,0.658702872078307,0.4678947368421053,0.3389473684210527,0.5978947368421053,0.3542105263157895,0.16315789473684214,0.5389473684210527,0.056250197588481037,0.00018467354934945072,0.2933721571242862,0.26362544953666245,-0.12782393867478253,0.710748620414396,0.12352941176470586,-0.18650385424952937,0.40624999999999994,-0.0,-0.0,-0.0
