method name,file name,category,type,RMSE,RMSE_lower_bound,RMSE_upper_bound,MAE,MAE_lower_bound,MAE_upper_bound,ME,ME_lower_bound,ME_upper_bound,R2,R2_lower_bound,R2_upper_bound,m,m_lower_bound,m_upper_bound,kendall_tau,kendall_tau_lower_bound,kendall_tau_upper_bound,ES,ES_lower_bound,ES_upper_bound
Attentive FP,permeability-dddc-1,Empirical,Standard,0.5495883627052638,0.4203256882591479,0.6565379693994535,0.4678947368421053,0.3373684210526317,0.5936842105263158,0.3542105263157895,0.16,0.5352631578947369,0.056250197588481037,0.00023064581018597264,0.28833517187270696,0.26362544953666245,-0.11885431645619218,0.697380397582465,0.12352941176470586,-0.1794871794871795,0.4104256301219048,-0.0,-0.0,-0.0
