ID,name,category,reassigned_category,type,RMSE,RMSE_lower_bound,RMSE_upper_bound,MAE,MAE_lower_bound,MAE_upper_bound,ME,ME_lower_bound,ME_upper_bound,R2,R2_lower_bound,R2_upper_bound,m,m_lower_bound,m_upper_bound,kendall_tau,kendall_tau_lower_bound,kendall_tau_upper_bound,ES,ES_lower_bound,ES_upper_bound
QWO91,permeability-prediction-Attentive FP,Empirical,Empirical,Standard,0.5495883627052638,0.42239916267859595,0.6579193679599667,0.4678947368421053,0.33894736842105294,0.5952631578947368,0.3542105263157895,0.1636842105263158,0.536842105263158,0.056250197588481037,0.00024385945652526876,0.288005051796099,0.26362544953666245,-0.13228528181995303,0.7129149377593362,0.12352941176470586,-0.18348709651977255,0.41104294478527614,-0.0,-0.0,-0.0
