ID,name,category,reassigned_category,type,RMSE,RMSE_lower_bound,RMSE_upper_bound,MAE,MAE_lower_bound,MAE_upper_bound,ME,ME_lower_bound,ME_upper_bound,R2,R2_lower_bound,R2_upper_bound,m,m_lower_bound,m_upper_bound,kendall_tau,kendall_tau_lower_bound,kendall_tau_upper_bound,ES,ES_lower_bound,ES_upper_bound
SGA28,GROVER,Empirical,Empirical,Standard,0.3026983907943247,0.20372840537807857,0.3913001271066548,0.2321052631578948,0.14894736842105272,0.3247368421052633,-0.07947368421052635,-0.2142105263157894,0.0542105263157893,0.2462525297325322,0.013291980100040476,0.5843611192190695,0.11351370182387256,0.02447038969257861,0.20788680419227798,0.25230800376163204,-0.11689297502987951,0.5592901519746227,-0.0,-0.0,-0.0
QWO91,permeability-prediction-Attentive FP,Empirical,Empirical,Standard,0.5495883627052638,0.42217482036162274,0.6609124474224213,0.4678947368421053,0.33842105263157896,0.5989473684210528,0.3542105263157895,0.16105263157894734,0.5405263157894737,0.056250197588481037,0.00019244012063993814,0.2899003258617244,0.26362544953666245,-0.12306502661487566,0.7080430416780311,0.12352941176470586,-0.18238993710691823,0.40880503144654085,-0.0,-0.0,-0.0
