{"SGA28":{"name":"GROVER","category":"Empirical","reassigned_category":"Empirical","type":"Standard","RMSE":0.3026983908,"RMSE_lower_bound":0.2046177437,"RMSE_upper_bound":0.3927634885,"MAE":0.2321052632,"MAE_lower_bound":0.15,"MAE_upper_bound":0.3257894737,"ME":-0.0794736842,"ME_lower_bound":-0.2136842105,"ME_upper_bound":0.0473684211,"R2":0.2462525297,"R2_lower_bound":0.0138936606,"R2_upper_bound":0.5807354982,"m":0.1135137018,"m_lower_bound":0.0240775861,"m_upper_bound":0.2090162496,"kendall_tau":0.2523080038,"kendall_tau_lower_bound":-0.1198887311,"kendall_tau_upper_bound":0.5562541597,"ES":0.0,"ES_lower_bound":0.0,"ES_upper_bound":0.0},"QWO91":{"name":"permeability-prediction-Attentive FP","category":"Empirical","reassigned_category":"Empirical","type":"Standard","RMSE":0.5495883627,"RMSE_lower_bound":0.4222246845,"RMSE_upper_bound":0.659369715,"MAE":0.4678947368,"MAE_lower_bound":0.3373684211,"MAE_upper_bound":0.5984210526,"ME":0.3542105263,"ME_lower_bound":0.1636842105,"ME_upper_bound":0.5410526316,"R2":0.0562501976,"R2_lower_bound":0.0001817007,"R2_upper_bound":0.2914530112,"m":0.2636254495,"m_lower_bound":-0.1177068031,"m_upper_bound":0.7139896091,"kendall_tau":0.1235294118,"kendall_tau_lower_bound":-0.1818335167,"kendall_tau_upper_bound":0.4110429448,"ES":0.0,"ES_lower_bound":0.0,"ES_upper_bound":0.0}}