ID,name,category,reassigned_category,type,RMSE,RMSE_lower_bound,RMSE_upper_bound,MAE,MAE_lower_bound,MAE_upper_bound,ME,ME_lower_bound,ME_upper_bound,R2,R2_lower_bound,R2_upper_bound,m,m_lower_bound,m_upper_bound,kendall_tau,kendall_tau_lower_bound,kendall_tau_upper_bound,ES,ES_lower_bound,ES_upper_bound
SGA28,GROVER,Empirical,Empirical,Standard,0.3026983907943247,0.20572081234425207,0.39031701016103904,0.2321052631578948,0.14947368421052634,0.32368421052631596,-0.07947368421052635,-0.21421052631578963,0.05157894736842108,0.2462525297325322,0.014702150252790602,0.5847184527418897,0.11351370182387256,0.02465251284148902,0.20813755963568,0.25230800376163204,-0.12418300653594773,0.5545844151912648,-0.0,-0.0,-0.0
QWO91,permeability-prediction-Attentive FP,Empirical,Empirical,Standard,0.5495883627052638,0.42093880040239884,0.6606973986868564,0.4678947368421053,0.33789473684210536,0.5978947368421053,0.3542105263157895,0.16052631578947368,0.5410526315789475,0.056250197588481037,0.00020485756564407446,0.29495760213499755,0.26362544953666245,-0.12145571307941813,0.7079668328757917,0.12352941176470586,-0.17952037789299144,0.40880503144654085,-0.0,-0.0,-0.0
