{"SGA28":{"name":"GROVER","category":"Empirical","reassigned_category":"Empirical","type":"Standard","RMSE":0.3026983908,"RMSE_lower_bound":0.2036896504,"RMSE_upper_bound":0.3901888881,"MAE":0.2321052632,"MAE_lower_bound":0.15,"MAE_upper_bound":0.3226315789,"ME":-0.0794736842,"ME_lower_bound":-0.2147368421,"ME_upper_bound":0.0489473684,"R2":0.2462525297,"R2_lower_bound":0.0114358236,"R2_upper_bound":0.5816096886,"m":0.1135137018,"m_lower_bound":0.0201768022,"m_upper_bound":0.2093956785,"kendall_tau":0.2523080038,"kendall_tau_lower_bound":-0.125132764,"kendall_tau_upper_bound":0.5465741339,"ES":0.0,"ES_lower_bound":0.0,"ES_upper_bound":0.0},"QWO91":{"name":"permeability-prediction-Attentive FP","category":"Empirical","reassigned_category":"Empirical","type":"Standard","RMSE":0.5495883627,"RMSE_lower_bound":0.4218380832,"RMSE_upper_bound":0.659369715,"MAE":0.4678947368,"MAE_lower_bound":0.3389473684,"MAE_upper_bound":0.5978947368,"ME":0.3542105263,"ME_lower_bound":0.1621052632,"ME_upper_bound":0.5442105263,"R2":0.0562501976,"R2_lower_bound":0.0002153717,"R2_upper_bound":0.2963534788,"m":0.2636254495,"m_lower_bound":-0.1273691252,"m_upper_bound":0.7054895607,"kendall_tau":0.1235294118,"kendall_tau_lower_bound":-0.1823899371,"kendall_tau_upper_bound":0.4213836478,"ES":0.0,"ES_lower_bound":0.0,"ES_upper_bound":0.0}}