ID,name,category,reassigned_category,type,RMSE,RMSE_lower_bound,RMSE_upper_bound,MAE,MAE_lower_bound,MAE_upper_bound,ME,ME_lower_bound,ME_upper_bound,R2,R2_lower_bound,R2_upper_bound,m,m_lower_bound,m_upper_bound,kendall_tau,kendall_tau_lower_bound,kendall_tau_upper_bound,ES,ES_lower_bound,ES_upper_bound
SGA28,GROVER,Empirical,Empirical,Standard,0.3026983907943247,0.2028870569916594,0.3897435053981017,0.2321052631578948,0.14789473684210525,0.3221052631578947,-0.07947368421052635,-0.212105263157895,0.0484210526315789,0.2462525297325322,0.013327551129885219,0.5838325290103179,0.11351370182387256,0.024179054337784556,0.2092473103989044,0.25230800376163204,-0.12220228934085324,0.551327362756363,-0.0,-0.0,-0.0
QWO91,permeability-prediction-Attentive FP,Empirical,Empirical,Standard,0.5495883627052638,0.42316476820811966,0.65859899148036,0.4678947368421053,0.3405263157894736,0.5973684210526314,0.3542105263157895,0.16473684210526324,0.5405263157894736,0.056250197588481037,0.00017670634433494052,0.29204373610259154,0.26362544953666245,-0.13514602215508634,0.720598268026717,0.12352941176470586,-0.1901840490797546,0.4197530864197531,-0.0,-0.0,-0.0
