ID,name,category,reassigned_category,type,RMSE,RMSE_lower_bound,RMSE_upper_bound,MAE,MAE_lower_bound,MAE_upper_bound,ME,ME_lower_bound,ME_upper_bound,R2,R2_lower_bound,R2_upper_bound,m,m_lower_bound,m_upper_bound,kendall_tau,kendall_tau_lower_bound,kendall_tau_upper_bound,ES,ES_lower_bound,ES_upper_bound
SGA28,GROVER,Empirical,Empirical,Standard,0.3026983907943247,0.20479771791491708,0.39002024238965394,0.2321052631578948,0.1505263157894735,0.32210526315789473,-0.07947368421052635,-0.21315789473684213,0.04842105263157909,0.2462525297325322,0.013799422586634264,0.5861047554428759,0.11351370182387256,0.02234382124943014,0.20453659962012338,0.25230800376163204,-0.1278013975798249,0.5537329763155102,-0.0,-0.0,-0.0
QWO91,permeability-prediction-Attentive FP,Empirical,Empirical,Standard,0.5495883627052638,0.42146361521176234,0.6572310336395774,0.4678947368421053,0.338421052631579,0.5968421052631578,0.3542105263157895,0.16421052631578953,0.5368421052631579,0.056250197588481037,0.00022293930279905367,0.28563276470093363,0.26362544953666245,-0.11887593290941473,0.6975652211872688,0.12352941176470586,-0.175,0.4024787090821993,-0.0,-0.0,-0.0
