{"QWO91":{"name":"permeability-prediction-Attentive FP","category":"Empirical","reassigned_category":"Empirical","type":"Standard","RMSE":0.5495883627,"RMSE_lower_bound":0.4218256063,"RMSE_upper_bound":0.6601076467,"MAE":0.4678947368,"MAE_lower_bound":0.3378947368,"MAE_upper_bound":0.5973684211,"ME":0.3542105263,"ME_lower_bound":0.1636842105,"ME_upper_bound":0.5384210526,"R2":0.0562501976,"R2_lower_bound":0.0002294382,"R2_upper_bound":0.2890094915,"m":0.2636254495,"m_lower_bound":-0.1158459743,"m_upper_bound":0.6908223209,"kendall_tau":0.1235294118,"kendall_tau_lower_bound":-0.1853120265,"kendall_tau_upper_bound":0.4074074074,"ES":0.0,"ES_lower_bound":0.0,"ES_upper_bound":0.0}}