{"SGA28":{"name":"GROVER","category":"Empirical","reassigned_category":"Empirical","type":"Standard","RMSE":0.3026983908,"RMSE_lower_bound":0.2045276973,"RMSE_upper_bound":0.3903642024,"MAE":0.2321052632,"MAE_lower_bound":0.1484210526,"MAE_upper_bound":0.3221052632,"ME":-0.0794736842,"ME_lower_bound":-0.2142105263,"ME_upper_bound":0.0457894737,"R2":0.2462525297,"R2_lower_bound":0.0157143852,"R2_upper_bound":0.5836729495,"m":0.1135137018,"m_lower_bound":0.0270930276,"m_upper_bound":0.2056545277,"kendall_tau":0.2523080038,"kendall_tau_lower_bound":-0.1116104679,"kendall_tau_upper_bound":0.5532910798,"ES":0.0,"ES_lower_bound":0.0,"ES_upper_bound":0.0},"QWO91":{"name":"permeability-prediction-Attentive FP","category":"Empirical","reassigned_category":"Empirical","type":"Standard","RMSE":0.5495883627,"RMSE_lower_bound":0.4230652556,"RMSE_upper_bound":0.6580473507,"MAE":0.4678947368,"MAE_lower_bound":0.3378947368,"MAE_upper_bound":0.5963157895,"ME":0.3542105263,"ME_lower_bound":0.1626315789,"ME_upper_bound":0.54,"R2":0.0562501976,"R2_lower_bound":0.0001782903,"R2_upper_bound":0.2987482904,"m":0.2636254495,"m_lower_bound":-0.1234778916,"m_upper_bound":0.7106239894,"kendall_tau":0.1235294118,"kendall_tau_lower_bound":-0.1869167949,"kendall_tau_upper_bound":0.4155844156,"ES":0.0,"ES_lower_bound":0.0,"ES_upper_bound":0.0}}