{"QWO91":{"name":"permeability-prediction-Attentive FP","category":"Empirical","reassigned_category":"Empirical","type":"Standard","RMSE":0.5495883627,"RMSE_lower_bound":0.4228723834,"RMSE_upper_bound":0.6602272336,"MAE":0.4678947368,"MAE_lower_bound":0.3426315789,"MAE_upper_bound":0.5984210526,"ME":0.3542105263,"ME_lower_bound":0.1652631579,"ME_upper_bound":0.5373684211,"R2":0.0562501976,"R2_lower_bound":0.0001855192,"R2_upper_bound":0.2914558777,"m":0.2636254495,"m_lower_bound":-0.1287805846,"m_upper_bound":0.7044204227,"kendall_tau":0.1235294118,"kendall_tau_lower_bound":-0.1923076923,"kendall_tau_upper_bound":0.4110429448,"ES":0.0,"ES_lower_bound":0.0,"ES_upper_bound":0.0}}