{"Attentive_FP":{"name":"Attentive_FP","category":"Empirical","type":"Standard","RMSE":0.5495883627,"RMSE_lower_bound":0.4238234488,"RMSE_upper_bound":0.6591741244,"MAE":0.4678947368,"MAE_lower_bound":0.34,"MAE_upper_bound":0.5978947368,"ME":0.3542105263,"ME_lower_bound":0.1642105263,"ME_upper_bound":0.5415789474,"R2":0.0562501976,"R2_lower_bound":0.0002134468,"R2_upper_bound":0.2980021966,"m":0.2636254495,"m_lower_bound":-0.129160182,"m_upper_bound":0.7131305568,"kendall_tau":0.1235294118,"kendall_tau_lower_bound":-0.1870967742,"kendall_tau_upper_bound":0.408947774,"ES":0.0,"ES_lower_bound":0.0,"ES_upper_bound":0.0}}