{"SGA28":{"name":"GROVER","category":"Empirical","reassigned_category":"Empirical","type":"Standard","RMSE":0.3026983908,"RMSE_lower_bound":0.2037284054,"RMSE_upper_bound":0.3913001271,"MAE":0.2321052632,"MAE_lower_bound":0.1489473684,"MAE_upper_bound":0.3247368421,"ME":-0.0794736842,"ME_lower_bound":-0.2142105263,"ME_upper_bound":0.0542105263,"R2":0.2462525297,"R2_lower_bound":0.0132919801,"R2_upper_bound":0.5843611192,"m":0.1135137018,"m_lower_bound":0.0244703897,"m_upper_bound":0.2078868042,"kendall_tau":0.2523080038,"kendall_tau_lower_bound":-0.116892975,"kendall_tau_upper_bound":0.559290152,"ES":0.0,"ES_lower_bound":0.0,"ES_upper_bound":0.0},"QWO91":{"name":"permeability-prediction-Attentive FP","category":"Empirical","reassigned_category":"Empirical","type":"Standard","RMSE":0.5495883627,"RMSE_lower_bound":0.4221748204,"RMSE_upper_bound":0.6609124474,"MAE":0.4678947368,"MAE_lower_bound":0.3384210526,"MAE_upper_bound":0.5989473684,"ME":0.3542105263,"ME_lower_bound":0.1610526316,"ME_upper_bound":0.5405263158,"R2":0.0562501976,"R2_lower_bound":0.0001924401,"R2_upper_bound":0.2899003259,"m":0.2636254495,"m_lower_bound":-0.1230650266,"m_upper_bound":0.7080430417,"kendall_tau":0.1235294118,"kendall_tau_lower_bound":-0.1823899371,"kendall_tau_upper_bound":0.4088050314,"ES":0.0,"ES_lower_bound":0.0,"ES_upper_bound":0.0}}