ID,name,category,type,RMSE,RMSE_lower_bound,RMSE_upper_bound,MAE,MAE_lower_bound,MAE_upper_bound,ME,ME_lower_bound,ME_upper_bound,R2,R2_lower_bound,R2_upper_bound,m,m_lower_bound,m_upper_bound,kendall_tau,kendall_tau_lower_bound,kendall_tau_upper_bound,ES,ES_lower_bound,ES_upper_bound
Attentive_FP,Attentive_FP,Empirical,Standard,0.5495883627052638,0.4238234488433523,0.6591741244282799,0.4678947368421053,0.34,0.5978947368421054,0.3542105263157895,0.16421052631578945,0.541578947368421,0.056250197588481037,0.00021344678123221466,0.2980021966156618,0.26362544953666245,-0.129160181970549,0.7131305567508065,0.12352941176470586,-0.1870967741935484,0.4089477740347335,-0.0,-0.0,-0.0
