method name,file name,category,type,RMSE,RMSE_lower_bound,RMSE_upper_bound,MAE,MAE_lower_bound,MAE_upper_bound,ME,ME_lower_bound,ME_upper_bound,R2,R2_lower_bound,R2_upper_bound,m,m_lower_bound,m_upper_bound,kendall_tau,kendall_tau_lower_bound,kendall_tau_upper_bound,ES,ES_lower_bound,ES_upper_bound
Attentive FP,permeability-dddc-1,Empirical,Standard,0.5495883627052638,0.4212949960350948,0.6585390529122219,0.4678947368421053,0.33947368421052626,0.5984210526315789,0.3542105263157895,0.16315789473684209,0.5373684210526317,0.056250197588481037,0.0002314287917952646,0.2910340549017962,0.26362544953666245,-0.1167530106014337,0.7015605634146788,0.12352941176470586,-0.18012422360248448,0.40778620962482415,-0.0,-0.0,-0.0
