ID,name,category,reassigned_category,type,RMSE,RMSE_lower_bound,RMSE_upper_bound,MAE,MAE_lower_bound,MAE_upper_bound,ME,ME_lower_bound,ME_upper_bound,R2,R2_lower_bound,R2_upper_bound,m,m_lower_bound,m_upper_bound,kendall_tau,kendall_tau_lower_bound,kendall_tau_upper_bound,ES,ES_lower_bound,ES_upper_bound
SGA28,GROVER,Empirical,Empirical,Standard,0.3026983907943247,0.2036896504101535,0.39018888813118796,0.2321052631578948,0.15,0.3226315789473685,-0.07947368421052635,-0.2147368421052632,0.04894736842105271,0.2462525297325322,0.011435823623416589,0.5816096886081821,0.11351370182387256,0.02017680222937052,0.20939567848966611,0.25230800376163204,-0.12513276402099208,0.5465741339049347,-0.0,-0.0,-0.0
QWO91,permeability-prediction-Attentive FP,Empirical,Empirical,Standard,0.5495883627052638,0.4218380831800903,0.6593697149950333,0.4678947368421053,0.3389473684210527,0.5978947368421053,0.3542105263157895,0.16210526315789478,0.5442105263157895,0.056250197588481037,0.00021537168632636578,0.2963534788200535,0.26362544953666245,-0.12736912524272262,0.705489560748607,0.12352941176470586,-0.18238993710691823,0.42138364779874216,-0.0,-0.0,-0.0
