ID,name,category,reassigned_category,type,RMSE,RMSE_lower_bound,RMSE_upper_bound,MAE,MAE_lower_bound,MAE_upper_bound,ME,ME_lower_bound,ME_upper_bound,R2,R2_lower_bound,R2_upper_bound,m,m_lower_bound,m_upper_bound,kendall_tau,kendall_tau_lower_bound,kendall_tau_upper_bound,ES,ES_lower_bound,ES_upper_bound
QWO91,permeability-prediction-Attentive FP,Empirical,Empirical,Standard,0.5495883627052638,0.42182560627024906,0.660107646723743,0.4678947368421053,0.33789473684210536,0.5973684210526317,0.3542105263157895,0.16368421052631585,0.538421052631579,0.056250197588481037,0.00022943815707588333,0.28900949150495275,0.26362544953666245,-0.11584597432905477,0.6908223208974251,0.12352941176470586,-0.18531202649074607,0.4074074074074074,-0.0,-0.0,-0.0
