ID,name,category,reassigned_category,type,RMSE,RMSE_lower_bound,RMSE_upper_bound,MAE,MAE_lower_bound,MAE_upper_bound,ME,ME_lower_bound,ME_upper_bound,R2,R2_lower_bound,R2_upper_bound,m,m_lower_bound,m_upper_bound,kendall_tau,kendall_tau_lower_bound,kendall_tau_upper_bound,ES,ES_lower_bound,ES_upper_bound
SGA28,GROVER,Empirical,Empirical,Standard,0.3026983907943247,0.20180762074181854,0.38816030329315165,0.2321052631578948,0.14842105263157895,0.321578947368421,-0.07947368421052635,-0.21473684210526317,0.05052631578947368,0.2462525297325322,0.014417909333597035,0.5765814923845528,0.11351370182387256,0.025484715118353825,0.21110896180412794,0.25230800376163204,-0.11503065229711612,0.5505107451602673,-0.0,-0.0,-0.0
QWO91,permeability-prediction-Attentive FP,Empirical,Empirical,Standard,0.5495883627052638,0.42205013421331083,0.658714857246969,0.4678947368421053,0.33789473684210536,0.5973684210526314,0.3542105263157895,0.1605263157894737,0.5410526315789475,0.056250197588481037,0.00025918483191504746,0.29198549685847486,0.26362544953666245,-0.12642733919329674,0.7057581512233085,0.12352941176470586,-0.182404367832244,0.4135802469135803,-0.0,-0.0,-0.0
