ID,name,category,reassigned_category,type,RMSE,RMSE_lower_bound,RMSE_upper_bound,MAE,MAE_lower_bound,MAE_upper_bound,ME,ME_lower_bound,ME_upper_bound,R2,R2_lower_bound,R2_upper_bound,m,m_lower_bound,m_upper_bound,kendall_tau,kendall_tau_lower_bound,kendall_tau_upper_bound,ES,ES_lower_bound,ES_upper_bound
SGA28,GROVER,Empirical,Empirical,Standard,0.3026983907943247,0.20513153674757334,0.3910983185042377,0.2321052631578948,0.1489473684210527,0.32263157894736877,-0.07947368421052635,-0.21263157894736848,0.0494736842105262,0.2462525297325322,0.01470461283458795,0.5808103710606147,0.11351370182387256,0.025637530901332306,0.20667575850673983,0.25230800376163204,-0.11357879791107997,0.552519131306138,-0.0,-0.0,-0.0
QWO91,permeability-prediction-Attentive FP,Empirical,Empirical,Standard,0.5495883627052638,0.42330155979669604,0.6608567007660348,0.4678947368421053,0.33894736842105255,0.5989473684210526,0.3542105263157895,0.16315789473684209,0.5421052631578948,0.056250197588481037,0.00023530289155343669,0.2928025324510824,0.26362544953666245,-0.12458123953098818,0.7097697282212199,0.12352941176470586,-0.18404907975460125,0.41358812665879,-0.0,-0.0,-0.0
