ID,name,category,reassigned_category,type,RMSE,RMSE_lower_bound,RMSE_upper_bound,MAE,MAE_lower_bound,MAE_upper_bound,ME,ME_lower_bound,ME_upper_bound,R2,R2_lower_bound,R2_upper_bound,m,m_lower_bound,m_upper_bound,kendall_tau,kendall_tau_lower_bound,kendall_tau_upper_bound,ES,ES_lower_bound,ES_upper_bound
SGA28,GROVER,Empirical,Empirical,Standard,0.3026983907943247,0.20505454986674315,0.39105121484478106,0.2321052631578948,0.14947368421052634,0.323157894736842,-0.07947368421052635,-0.2121052631578946,0.050526315789473586,0.2462525297325322,0.016129890045897148,0.5784947655369029,0.11351370182387256,0.025543473331942828,0.20730934009719454,0.25230800376163204,-0.12424517386760658,0.5548502571494474,-0.0,-0.0,-0.0
QWO91,permeability-prediction-Attentive FP,Empirical,Empirical,Standard,0.5495883627052638,0.42170081686827277,0.6615412625870462,0.4678947368421053,0.33999999999999997,0.6,0.3542105263157895,0.16421052631578958,0.5447368421052632,0.056250197588481037,0.0002201264683866011,0.2982182678193196,0.26362544953666245,-0.12358429060194004,0.7142957285727639,0.12352941176470586,-0.18354430379746833,0.4230769230769231,-0.0,-0.0,-0.0
