{"QWO91":{"name":"permeability-prediction-Attentive FP","category":"Empirical","reassigned_category":"Empirical","type":"Standard","RMSE":0.5495883627,"RMSE_lower_bound":0.4205134706,"RMSE_upper_bound":0.6587028721,"MAE":0.4678947368,"MAE_lower_bound":0.3389473684,"MAE_upper_bound":0.5978947368,"ME":0.3542105263,"ME_lower_bound":0.1631578947,"ME_upper_bound":0.5389473684,"R2":0.0562501976,"R2_lower_bound":0.0001846735,"R2_upper_bound":0.2933721571,"m":0.2636254495,"m_lower_bound":-0.1278239387,"m_upper_bound":0.7107486204,"kendall_tau":0.1235294118,"kendall_tau_lower_bound":-0.1865038542,"kendall_tau_upper_bound":0.40625,"ES":0.0,"ES_lower_bound":0.0,"ES_upper_bound":0.0}}