category,RMSE_mean,RMSE_std,MAE_mean,MAE_std,kendall_tau_mean,kendall_tau_std,R2_mean,R2_std,N
Physical (MM),1.110836181491867,0.15067754431470515,0.9360000000000002,0.17131069835798596,0.6150556588530547,0.08341350924175166,0.5990147534282485,0.10253726797292022,5
Empirical,0.579684940089345,0.07202356982403302,0.4002727272727272,0.029687769137536003,0.6138528138528139,0.049585527491866156,0.572276335093377,0.05005046615937398,5
Physical (QM),0.9107621511071902,0.1854954499615461,0.7249090909090908,0.17700282483621557,0.5113019799466502,0.07499325332903219,0.4674226554512713,0.07714393448087595,5
