category,RMSE_mean,RMSE_std,MAE_mean,MAE_std,kendall_tau_mean,kendall_tau_std,R2_mean,R2_std,N
Physical (MM),1.2904536085992784,0.13888121338039516,1.0746363636363638,0.17131069835798582,0.4951402637972354,0.0856142191011335,0.4560806841940506,0.11094855941459851,5
Empirical,0.6226187914768685,0.0587408073066453,0.4649090909090908,0.03979337126575491,0.5087117698402317,0.04331673119563076,0.4738449561008256,0.05049486823818166,5
Physical (QM),0.9644191354273491,0.247800103510235,0.7746363636363637,0.22732144932301065,0.46745375612345186,0.044504489381568424,0.46241292637484277,0.04005063984186423,5
