ID,Sensitivity,Sensitivity_lower_bound,Sensitivity_upper_bound,Specificity,Specificity_lower_bound,Specificity_upper_bound,Precision,Precision_lower_bound,Precision_upper_bound,Balanced Accuracy,Balanced Accuracy_lower_bound,Balanced Accuracy_upper_bound,Accuracy,Accuracy_lower_bound,Accuracy_upper_bound,True Positive,True Positive_lower_bound,True Positive_upper_bound,False Negative,False Negative_lower_bound,False Negative_upper_bound,True Negative,True Negative_lower_bound,True Negative_upper_bound,False Positive,False Positive_lower_bound,False Positive_upper_bound
44,0.0,0.0,0.0,0.0,0.0,,0.0,0.0,0.0,0.5,0.5,1.0,0.9987484355444305,0.9962453066332916,1.0,798,796.0,799.0,0,0.0,0.0,0,0.0,0.0,1,0.0,3.0
33,0.0,0.0,0.0,0.0,0.0,,0.0,0.0,0.0,0.45614035087719296,0.4473684210526316,0.9274092615769712,0.9111389236545682,0.8898623279098874,0.9311639549436797,728,711.0,744.0,70,55.0,87.0,0,0.0,0.0,1,0.0,3.0
55,0.0,0.0,0.0,0.0,0.0,,0.0,0.0,0.0,0.4956140350877193,0.4924812030075188,0.9962453066332916,0.9899874843554443,0.9824780976220275,0.9962453066332916,791,785.0,796.0,7,2.0,13.0,0,0.0,0.0,1,0.0,3.0
43,0.0,0.0,0.0,0.0,0.0,,0.0,0.0,0.0,0.48621553884711777,0.48117942283563364,0.981226533166458,0.9712140175219024,0.9586983729662077,0.9824780976220275,776,766.0,785.0,22,14.0,32.0,0,0.0,0.0,1,0.0,3.0
35,0.0,0.0,0.0,0.0,0.0,,0.0,0.0,0.0,0.49373433583959897,0.4899749373433584,0.9937421777221527,0.986232790988736,0.9774718397997497,0.9937421777221527,788,781.0,794.0,10,4.0,17.0,0,0.0,0.0,1,0.0,3.0
38,0.0,0.0,0.0,0.0,0.0,,0.0,0.0,0.0,0.43546365914786966,0.424812030075188,0.8886107634543179,0.869837296620776,0.8460575719649562,0.8923654568210263,695,676.0,713.0,103,85.0,122.0,0,0.0,0.0,1,0.0,3.0
37,0.0,0.0,0.0,0.0,0.0,,0.0,0.0,0.0,0.5,0.5,1.0,0.9987484355444305,0.9962453066332916,1.0,798,796.0,799.0,0,0.0,0.0,0,0.0,0.0,1,0.0,3.0
52,0.0,0.0,0.0,0.0,0.0,,0.0,0.0,0.0,0.5,0.5,1.0,0.9987484355444305,0.9962453066332916,1.0,798,796.0,799.0,0,0.0,0.0,0,0.0,0.0,1,0.0,3.0
56,0.0,0.0,0.0,0.0,0.0,,0.0,0.0,0.0,0.4949874686716792,0.4918444165621079,0.9949937421777222,0.9887359198998749,0.981226533166458,0.9949937421777222,790,784.0,795.0,8,3.0,14.0,0,0.0,0.0,1,0.0,3.0
