ID,Sensitivity,Sensitivity_lower_bound,Sensitivity_upper_bound,Specificity,Specificity_lower_bound,Specificity_upper_bound,Precision,Precision_lower_bound,Precision_upper_bound,Balanced Accuracy,Balanced Accuracy_lower_bound,Balanced Accuracy_upper_bound,Accuracy,Accuracy_lower_bound,Accuracy_upper_bound,True Positive,True Positive_lower_bound,True Positive_upper_bound,False Negative,False Negative_lower_bound,False Negative_upper_bound,True Negative,True Negative_lower_bound,True Negative_upper_bound,False Positive,False Positive_lower_bound,False Positive_upper_bound
33,0.0,0.0,0.0,0.9122807017543859,0.8920953575909661,0.9311639549436797,0.0,0.0,0.0,0.45614035087719296,0.44716981132075473,0.9274092615769712,0.9111389236545682,0.8911138923654568,0.9299123904881101,0,0.0,0.0,1,0.0,3.0,728,712.0,743.0,70,55.0,86.0
35,0.0,0.0,0.0,0.9874686716791979,0.9798994974874372,0.9949811794228356,0.0,0.0,0.0,0.49373433583959897,0.4899749373433584,0.9924906132665833,0.986232790988736,0.9774718397997497,0.9937421777221527,0,0.0,0.0,1,0.0,3.0,788,781.0,794.0,10,4.0,16.0
37,0.0,0.0,0.0,1.0,1.0,1.0,0.0,0.0,0.0,0.5,0.5,1.0,0.9987484355444305,0.9962453066332916,1.0,0,0.0,0.0,1,0.0,3.0,798,796.0,799.0,0,0.0,0.0
38,0.0,0.0,0.0,0.8709273182957393,0.8471177944862155,0.8936170212765957,0.0,0.0,0.0,0.43546365914786966,0.424812030075188,0.8886107634543179,0.869837296620776,0.8460575719649562,0.8923654568210263,0,0.0,0.0,1,0.0,3.0,695,676.0,713.0,103,85.0,122.0
43,0.0,0.0,0.0,0.9724310776942355,0.9610552763819096,0.9837092731829574,0.0,0.0,0.0,0.48621553884711777,0.4805764411027569,0.981226533166458,0.9712140175219024,0.9586983729662077,0.9824780976220275,0,0.0,0.0,1,0.0,3.0,776,766.0,785.0,22,13.0,31.0
44,0.0,0.0,0.0,1.0,1.0,1.0,0.0,0.0,0.0,0.5,0.5,1.0,0.9987484355444305,0.9962453066332916,1.0,0,0.0,0.0,1,0.0,3.0,798,796.0,799.0,0,0.0,0.0
52,0.0,0.0,0.0,1.0,1.0,1.0,0.0,0.0,0.0,0.5,0.5,1.0,0.9987484355444305,0.9962453066332916,1.0,0,0.0,0.0,1,0.0,3.0,798,796.0,799.0,0,0.0,0.0
55,0.0,0.0,0.0,0.9912280701754386,0.983729662077597,0.9974905897114178,0.0,0.0,0.0,0.4956140350877193,0.4924812030075188,0.9962453066332916,0.9899874843554443,0.9824780976220275,0.9962453066332916,0,0.0,0.0,1,0.0,3.0,791,785.0,796.0,7,2.0,13.0
56,0.0,0.0,0.0,0.9899749373433584,0.9824561403508771,0.9962406015037594,0.0,0.0,0.0,0.4949874686716792,0.4918444165621079,0.9949937421777222,0.9887359198998749,0.981226533166458,0.9949937421777222,0,0.0,0.0,1,0.0,3.0,790,784.0,795.0,8,3.0,14.0
