ID,sid,RMSE,RMSE_lower_bound,RMSE_upper_bound,MAE,MAE_lower_bound,MAE_upper_bound,ME,ME_lower_bound,ME_upper_bound,R2,R2_lower_bound,R2_upper_bound,m,m_lower_bound,m_upper_bound,kendall_tau,kendall_tau_lower_bound,kendall_tau_upper_bound
RESP/GAFF/MMPBSA-Cor,20,0.8943433345198026,0.08140169400575736,2.7199669244764766,0.6849999999999996,0.07794189507977123,2.6648762088582902,0.6849999999999996,-1.262234481390215,2.6485111734433477,1.0,0.0,1.0,0.47247706422018326,-0.5949058143240662,,1.0,-1.0,
AMOEBA/DDM/BAR,29,1.1720068259186889,0.10544557590342585,3.0488116666062712,0.94,0.10519179997284311,2.9731313610914505,0.6999999999999997,-1.5479758234023473,2.924719090739476,1.0,0.0,1.0,0.1376146788990825,-0.9244441523603572,,1.0,-1.0,
xtb-GNF/Machine Learning/CORINA MD,28,1.517316710512344,0.11632895134070054,3.3352752779577166,1.1950000000000003,0.11624847920414183,3.3045896713630896,-1.1950000000000003,-3.2973440786000543,0.9428283720811637,1.0,0.0,1.0,0.14220183486238555,-0.8394493585734972,,1.0,-1.0,
B2PLYPD3/SMD_QZ-R,23,3.5642250209547655,0.21327287344035994,6.230906138430152,2.9899999999999998,0.21327287344035994,6.230906138430152,1.94,-2.348271758466961,6.230906138430152,1.0,0.0,1.0,-1.743119266055046,-2.847345330813404,,-1.0,-1.0,
