{"RESP\/GAFF\/MMPBSA-Cor":{"sid":"20","RMSE":0.8943433345,"RMSE_lower_bound":0.081401694,"RMSE_upper_bound":2.7199669245,"MAE":0.685,"MAE_lower_bound":0.0779418951,"MAE_upper_bound":2.6648762089,"ME":0.685,"ME_lower_bound":-1.2622344814,"ME_upper_bound":2.6485111734,"R2":1.0,"R2_lower_bound":0.0,"R2_upper_bound":1.0,"m":0.4724770642,"m_lower_bound":-0.5949058143,"m_upper_bound":null,"kendall_tau":1.0,"kendall_tau_lower_bound":-1.0,"kendall_tau_upper_bound":null},"AMOEBA\/DDM\/BAR":{"sid":"29","RMSE":1.1720068259,"RMSE_lower_bound":0.1054455759,"RMSE_upper_bound":3.0488116666,"MAE":0.94,"MAE_lower_bound":0.1051918,"MAE_upper_bound":2.9731313611,"ME":0.7,"ME_lower_bound":-1.5479758234,"ME_upper_bound":2.9247190907,"R2":1.0,"R2_lower_bound":0.0,"R2_upper_bound":1.0,"m":0.1376146789,"m_lower_bound":-0.9244441524,"m_upper_bound":null,"kendall_tau":1.0,"kendall_tau_lower_bound":-1.0,"kendall_tau_upper_bound":null},"xtb-GNF\/Machine Learning\/CORINA MD":{"sid":"28","RMSE":1.5173167105,"RMSE_lower_bound":0.1163289513,"RMSE_upper_bound":3.335275278,"MAE":1.195,"MAE_lower_bound":0.1162484792,"MAE_upper_bound":3.3045896714,"ME":-1.195,"ME_lower_bound":-3.2973440786,"ME_upper_bound":0.9428283721,"R2":1.0,"R2_lower_bound":0.0,"R2_upper_bound":1.0,"m":0.1422018349,"m_lower_bound":-0.8394493586,"m_upper_bound":null,"kendall_tau":1.0,"kendall_tau_lower_bound":-1.0,"kendall_tau_upper_bound":null},"B2PLYPD3\/SMD_QZ-R":{"sid":"23","RMSE":3.564225021,"RMSE_lower_bound":0.2132728734,"RMSE_upper_bound":6.2309061384,"MAE":2.99,"MAE_lower_bound":0.2132728734,"MAE_upper_bound":6.2309061384,"ME":1.94,"ME_lower_bound":-2.3482717585,"ME_upper_bound":6.2309061384,"R2":1.0,"R2_lower_bound":0.0,"R2_upper_bound":1.0,"m":-1.7431192661,"m_lower_bound":-2.8473453308,"m_upper_bound":null,"kendall_tau":-1.0,"kendall_tau_lower_bound":-1.0,"kendall_tau_upper_bound":null}}