{"RESP\/GAFF\/MMPBSA-Cor":{"sid":"20","RMSE":0.8943433345,"RMSE_lower_bound":0.0906122586,"RMSE_upper_bound":2.7264503615,"MAE":0.685,"MAE_lower_bound":0.089627841,"MAE_upper_bound":2.6800168941,"ME":0.685,"ME_lower_bound":-1.2767253966,"ME_upper_bound":2.6567208608,"R2":1.0,"R2_lower_bound":0.0,"R2_upper_bound":1.0,"m":0.4724770642,"m_lower_bound":-0.5557203386,"m_upper_bound":null,"kendall_tau":1.0,"kendall_tau_lower_bound":-1.0,"kendall_tau_upper_bound":null},"AMOEBA\/DDM\/BAR":{"sid":"29","RMSE":1.1720068259,"RMSE_lower_bound":0.0904270228,"RMSE_upper_bound":3.0322922619,"MAE":0.94,"MAE_lower_bound":0.090096487,"MAE_upper_bound":2.9774060498,"ME":0.7,"ME_lower_bound":-1.511429302,"ME_upper_bound":2.9403358731,"R2":1.0,"R2_lower_bound":0.0,"R2_upper_bound":1.0,"m":0.1376146789,"m_lower_bound":-0.9224373237,"m_upper_bound":null,"kendall_tau":1.0,"kendall_tau_lower_bound":-1.0,"kendall_tau_upper_bound":null},"xtb-GNF\/Machine Learning\/CORINA MD":{"sid":"28","RMSE":1.5173167105,"RMSE_lower_bound":0.1067235228,"RMSE_upper_bound":3.3327850796,"MAE":1.195,"MAE_lower_bound":0.1041776033,"MAE_upper_bound":3.298435861,"ME":-1.195,"ME_lower_bound":-3.2876829872,"ME_upper_bound":0.9357155456,"R2":1.0,"R2_lower_bound":0.0,"R2_upper_bound":1.0,"m":0.1422018349,"m_lower_bound":-0.8445548881,"m_upper_bound":null,"kendall_tau":1.0,"kendall_tau_lower_bound":-1.0,"kendall_tau_upper_bound":null},"Docking\/GAFF\/YANK_REF":{"sid":"REF4","RMSE":1.8534435519,"RMSE_lower_bound":0.520341066,"RMSE_upper_bound":3.1576919214,"MAE":1.698,"MAE_lower_bound":0.520341066,"MAE_upper_bound":3.1576919214,"ME":1.698,"ME_lower_bound":0.520341066,"ME_upper_bound":3.1576919214,"R2":1.0,"R2_lower_bound":0.0,"R2_upper_bound":1.0,"m":0.3183486239,"m_lower_bound":-0.1821570131,"m_upper_bound":null,"kendall_tau":1.0,"kendall_tau_lower_bound":-1.0,"kendall_tau_upper_bound":null},"AMOEBA\/DDM\/BAR_2":{"sid":"30","RMSE":3.011444836,"RMSE_lower_bound":0.1330550087,"RMSE_upper_bound":5.5141020596,"MAE":2.32,"MAE_lower_bound":0.1330550087,"MAE_upper_bound":5.513656999,"ME":-2.32,"ME_lower_bound":-5.507479218,"ME_upper_bound":0.866444262,"R2":1.0,"R2_lower_bound":0.0,"R2_upper_bound":1.0,"m":-0.7614678899,"m_lower_bound":-1.792417431,"m_upper_bound":null,"kendall_tau":-1.0,"kendall_tau_lower_bound":-1.0,"kendall_tau_upper_bound":null},"B2PLYPD3\/SMD_QZ-NR":{"sid":"24","RMSE":3.564225021,"RMSE_lower_bound":0.2335941169,"RMSE_upper_bound":6.2419753136,"MAE":2.99,"MAE_lower_bound":0.2335941169,"MAE_upper_bound":6.2419753136,"ME":1.94,"ME_lower_bound":-2.3325391075,"ME_upper_bound":6.2419753136,"R2":1.0,"R2_lower_bound":0.0,"R2_upper_bound":1.0,"m":-1.7431192661,"m_lower_bound":-2.8098657828,"m_upper_bound":null,"kendall_tau":-1.0,"kendall_tau_lower_bound":-1.0,"kendall_tau_upper_bound":null},"B2PLYPD3\/SMD_QZ-R":{"sid":"23","RMSE":3.564225021,"RMSE_lower_bound":0.207875359,"RMSE_upper_bound":6.2157633162,"MAE":2.99,"MAE_lower_bound":0.207875359,"MAE_upper_bound":6.2141221311,"ME":1.94,"ME_lower_bound":-2.3242157473,"ME_upper_bound":6.2141221311,"R2":1.0,"R2_lower_bound":0.0,"R2_upper_bound":1.0,"m":-1.7431192661,"m_lower_bound":-2.7947441747,"m_upper_bound":null,"kendall_tau":-1.0,"kendall_tau_lower_bound":-1.0,"kendall_tau_upper_bound":null},"AMOEBA\/DDM\/BAR_3":{"sid":"31","RMSE":3.7201209658,"RMSE_lower_bound":2.0373620189,"RMSE_upper_bound":5.4952981121,"MAE":3.72,"MAE_lower_bound":2.0218271365,"MAE_upper_bound":5.476353762,"ME":3.72,"ME_lower_bound":2.0218271365,"ME_upper_bound":5.476353762,"R2":1.0,"R2_lower_bound":0.0,"R2_upper_bound":1.0,"m":1.0275229358,"m_lower_bound":-0.0468419243,"m_upper_bound":null,"kendall_tau":1.0,"kendall_tau_lower_bound":-1.0,"kendall_tau_upper_bound":null},"RESP\/GAFF\/MMPBSA\/Nmode":{"sid":"18","RMSE":3.9165801409,"RMSE_lower_bound":2.1171930517,"RMSE_upper_bound":5.6556864027,"MAE":3.9,"MAE_lower_bound":2.0939301496,"MAE_upper_bound":5.6402530003,"ME":-3.9,"ME_lower_bound":-5.6355637866,"ME_upper_bound":-2.088770281,"R2":1.0,"R2_lower_bound":0.0,"R2_upper_bound":1.0,"m":1.3302752294,"m_lower_bound":0.2384435926,"m_upper_bound":null,"kendall_tau":1.0,"kendall_tau_lower_bound":1.0,"kendall_tau_upper_bound":null},"B2PLYPD3\/SMD_TZ":{"sid":"22","RMSE":3.9232257136,"RMSE_lower_bound":0.1274809593,"RMSE_upper_bound":6.8725705445,"MAE":2.99,"MAE_lower_bound":0.1274809593,"MAE_upper_bound":6.8725705445,"ME":2.54,"ME_lower_bound":-1.6867971045,"ME_upper_bound":6.8725705445,"R2":1.0,"R2_lower_bound":0.0,"R2_upper_bound":1.0,"m":-1.7431192661,"m_lower_bound":-2.8070618516,"m_upper_bound":null,"kendall_tau":-1.0,"kendall_tau_lower_bound":-1.0,"kendall_tau_upper_bound":null},"FSDAM\/GAFF2\/OPC3":{"sid":"14","RMSE":5.8011809143,"RMSE_lower_bound":0.6290444717,"RMSE_upper_bound":12.9029479296,"MAE":5.76,"MAE_lower_bound":0.6246993209,"MAE_upper_bound":12.7848212983,"ME":-5.76,"ME_lower_bound":-12.7784365792,"ME_upper_bound":1.151049413,"R2":1.0,"R2_lower_bound":0.0,"R2_upper_bound":1.0,"m":0.3669724771,"m_lower_bound":-3.86486795,"m_upper_bound":null,"kendall_tau":1.0,"kendall_tau_lower_bound":-1.0,"kendall_tau_upper_bound":null},"B2PLYPD3\/SMD_DZ":{"sid":"21","RMSE":7.0754293156,"RMSE_lower_bound":1.7534452815,"RMSE_upper_bound":10.7994551232,"MAE":6.29,"MAE_lower_bound":1.7534452815,"MAE_upper_bound":10.7994551232,"ME":6.29,"ME_lower_bound":1.7534452815,"ME_upper_bound":10.7994551232,"R2":1.0,"R2_lower_bound":0.0,"R2_upper_bound":1.0,"m":-1.9724770642,"m_lower_bound":-3.0254998975,"m_upper_bound":null,"kendall_tau":-1.0,"kendall_tau_lower_bound":-1.0,"kendall_tau_upper_bound":null},"RESP\/GAFF\/MMPBSA":{"sid":"19","RMSE":9.5702560049,"RMSE_lower_bound":7.8607524362,"RMSE_upper_bound":11.2833218899,"MAE":9.57,"MAE_lower_bound":7.8525260684,"MAE_upper_bound":11.2737779371,"ME":9.57,"ME_lower_bound":7.8525260684,"ME_upper_bound":11.2737779371,"R2":1.0,"R2_lower_bound":0.0,"R2_upper_bound":1.0,"m":1.0642201835,"m_lower_bound":-0.020554437,"m_upper_bound":null,"kendall_tau":1.0,"kendall_tau_lower_bound":-1.0,"kendall_tau_upper_bound":null},"AM1-BCC\/GAFF\/MMPBSA":{"sid":"17","RMSE":13.6616141067,"RMSE_lower_bound":11.9011895175,"RMSE_upper_bound":15.4122532556,"MAE":13.66,"MAE_lower_bound":11.8969725961,"MAE_upper_bound":15.4075605152,"ME":13.66,"ME_lower_bound":11.8969725961,"ME_upper_bound":15.4075605152,"R2":1.0,"R2_lower_bound":0.0,"R2_upper_bound":1.0,"m":0.8073394495,"m_lower_bound":-0.2766118291,"m_upper_bound":null,"kendall_tau":1.0,"kendall_tau_lower_bound":-1.0,"kendall_tau_upper_bound":null},"RESP\/GAFF\/MMGBSA":{"sid":"16","RMSE":14.1404738252,"RMSE_lower_bound":11.321863267,"RMSE_upper_bound":16.7959733833,"MAE":14.07,"MAE_lower_bound":11.321863267,"MAE_upper_bound":16.7913207489,"ME":14.07,"ME_lower_bound":11.321863267,"ME_upper_bound":16.7913207489,"R2":1.0,"R2_lower_bound":0.0,"R2_upper_bound":1.0,"m":-0.2935779817,"m_lower_bound":-1.3794043719,"m_upper_bound":null,"kendall_tau":-1.0,"kendall_tau_lower_bound":-1.0,"kendall_tau_upper_bound":null}}