{"AMOEBA\/DDM\/BAR_2":{"sid":"30","RMSE":1.2268135264,"RMSE_lower_bound":0.6522570994,"RMSE_upper_bound":2.5268803516,"MAE":1.0185714286,"MAE_lower_bound":0.5058687848,"MAE_upper_bound":2.2463280048,"ME":-0.1328571429,"ME_lower_bound":-1.4744710211,"ME_upper_bound":1.2690653833,"R2":0.8312361259,"R2_lower_bound":0.3908127687,"R2_upper_bound":0.9945485235,"m":1.2127614701,"m_lower_bound":0.5582023813,"m_upper_bound":2.2924562665,"kendall_tau":0.619047619,"kendall_tau_lower_bound":0.1578947368,"kendall_tau_upper_bound":1.0},"AMOEBA\/DDM\/BAR":{"sid":"29","RMSE":1.267139636,"RMSE_lower_bound":0.5599903158,"RMSE_upper_bound":2.7215438431,"MAE":0.91,"MAE_lower_bound":0.4511932775,"MAE_upper_bound":2.3077237337,"ME":-0.6614285714,"ME_lower_bound":-1.982932581,"ME_upper_bound":0.6085687757,"R2":0.8064596271,"R2_lower_bound":0.3007581658,"R2_upper_bound":0.9938191693,"m":1.054886202,"m_lower_bound":0.4451629662,"m_upper_bound":2.1209898018,"kendall_tau":0.7142857143,"kendall_tau_lower_bound":0.0526315789,"kendall_tau_upper_bound":1.0},"RESP\/GAFF\/MMPBSA-Cor":{"sid":"20","RMSE":1.3237878553,"RMSE_lower_bound":0.6815002727,"RMSE_upper_bound":2.6522657852,"MAE":1.03,"MAE_lower_bound":0.5407238243,"MAE_upper_bound":2.3439872128,"ME":1.01,"ME_lower_bound":-0.1788592327,"ME_upper_bound":2.1980932875,"R2":0.9496380411,"R2_lower_bound":0.0411332072,"R2_upper_bound":0.9910867927,"m":0.6135540313,"m_lower_bound":0.0414853161,"m_upper_bound":1.1972994402,"kendall_tau":0.8095238095,"kendall_tau_lower_bound":-0.1428571429,"kendall_tau_upper_bound":1.0},"AMOEBA\/DDM\/BAR_3":{"sid":"31","RMSE":1.7226474641,"RMSE_lower_bound":0.9317147667,"RMSE_upper_bound":3.0360489687,"MAE":1.5742857143,"MAE_lower_bound":0.7461555772,"MAE_upper_bound":2.7691730259,"ME":-1.4371428571,"ME_lower_bound":-2.6626734924,"ME_upper_bound":-0.1915286181,"R2":0.7914584388,"R2_lower_bound":0.1481635502,"R2_upper_bound":0.9929479731,"m":0.7958190254,"m_lower_bound":0.2197230637,"m_upper_bound":1.7179650985,"kendall_tau":0.8095238095,"kendall_tau_lower_bound":-0.0526315789,"kendall_tau_upper_bound":1.0},"xtb-GNF\/Machine Learning\/CORINA MD":{"sid":"28","RMSE":2.4300558489,"RMSE_lower_bound":1.3957157879,"RMSE_upper_bound":3.7103082976,"MAE":2.1085714286,"MAE_lower_bound":1.0966837235,"MAE_upper_bound":3.4174710045,"ME":0.8228571429,"ME_lower_bound":-1.1207430847,"ME_upper_bound":2.7707544808,"R2":0.0007349455,"R2_lower_bound":0.000309146,"R2_upper_bound":0.9134881853,"m":0.0131410955,"m_lower_bound":-0.8140629249,"m_upper_bound":0.5688849221,"kendall_tau":0.0476190476,"kendall_tau_lower_bound":-0.7777777778,"kendall_tau_upper_bound":1.0},"Docking\/GAFF\/YANK_REF":{"sid":"REF4","RMSE":4.4784577543,"RMSE_lower_bound":1.5570556182,"RMSE_upper_bound":6.4299656142,"MAE":3.2455714286,"MAE_lower_bound":1.1005636056,"MAE_upper_bound":5.6549323204,"ME":2.6035714286,"ME_lower_bound":0.0592841607,"ME_upper_bound":5.4031436752,"R2":0.368043153,"R2_lower_bound":0.0280186828,"R2_upper_bound":0.9453235393,"m":-0.5791714202,"m_lower_bound":-1.5615260105,"m_upper_bound":0.0756472877,"kendall_tau":-0.4285714286,"kendall_tau_lower_bound":-1.0,"kendall_tau_upper_bound":0.3333333333},"B2PLYPD3\/SMD_QZ-R":{"sid":"23","RMSE":4.763583585,"RMSE_lower_bound":2.2605008204,"RMSE_upper_bound":6.9335632188,"MAE":3.8985714286,"MAE_lower_bound":1.8123877836,"MAE_upper_bound":6.2598878769,"ME":3.4957142857,"ME_lower_bound":0.912497024,"ME_upper_bound":6.1235940988,"R2":0.7237704481,"R2_lower_bound":0.241660666,"R2_upper_bound":0.9893597202,"m":1.9696828151,"m_lower_bound":0.8793107702,"m_upper_bound":3.7699172132,"kendall_tau":0.5855400438,"kendall_tau_lower_bound":-0.0588235294,"kendall_tau_upper_bound":1.0},"FSDAM\/GAFF2\/OPC3":{"sid":"14","RMSE":4.846590849,"RMSE_lower_bound":2.6061425488,"RMSE_upper_bound":8.4111961186,"MAE":4.3814285714,"MAE_lower_bound":2.1256420402,"MAE_upper_bound":7.5847339274,"ME":0.6242857143,"ME_lower_bound":-3.9341597968,"ME_upper_bound":5.0825622389,"R2":0.8190289966,"R2_lower_bound":0.0106979405,"R2_upper_bound":0.9869578601,"m":-1.2366369138,"m_lower_bound":-2.8913927271,"m_upper_bound":0.2983434823,"kendall_tau":-0.5855400438,"kendall_tau_lower_bound":-1.0,"kendall_tau_upper_bound":0.3333333333},"B2PLYPD3\/SMD_QZ-NR":{"sid":"24","RMSE":4.902945179,"RMSE_lower_bound":2.6363147426,"RMSE_upper_bound":6.932003855,"MAE":4.2271428571,"MAE_lower_bound":2.2328977048,"MAE_upper_bound":6.3263353177,"ME":2.91,"ME_lower_bound":-0.2623661879,"ME_upper_bound":5.9019405846,"R2":0.8037606748,"R2_lower_bound":0.2638475826,"R2_upper_bound":0.9943033233,"m":2.4577462729,"m_lower_bound":0.9920537705,"m_upper_bound":3.8661100886,"kendall_tau":0.619047619,"kendall_tau_lower_bound":0.0,"kendall_tau_upper_bound":1.0},"B2PLYPD3\/SMD_TZ":{"sid":"22","RMSE":5.3618773365,"RMSE_lower_bound":2.9285108434,"RMSE_upper_bound":7.5578109255,"MAE":4.57,"MAE_lower_bound":2.4049219631,"MAE_upper_bound":6.983868004,"ME":3.5957142857,"ME_lower_bound":0.3981919559,"ME_upper_bound":6.6603594147,"R2":0.8054764442,"R2_lower_bound":0.2449105541,"R2_upper_bound":0.9938092421,"m":2.4756282031,"m_lower_bound":0.9011413344,"m_upper_bound":3.8376951191,"kendall_tau":0.619047619,"kendall_tau_lower_bound":-0.0526315789,"kendall_tau_upper_bound":1.0},"RESP\/GAFF\/MMPBSA\/Nmode":{"sid":"18","RMSE":6.2839205233,"RMSE_lower_bound":4.7802080443,"RMSE_upper_bound":7.916924309,"MAE":6.0857142857,"MAE_lower_bound":4.543959757,"MAE_upper_bound":7.7135256751,"ME":-6.0857142857,"ME_lower_bound":-7.7114233148,"ME_upper_bound":-4.5422602423,"R2":0.7587175589,"R2_lower_bound":0.2611212199,"R2_upper_bound":0.9936939566,"m":1.2556998063,"m_lower_bound":0.4703707792,"m_upper_bound":2.4285265938,"kendall_tau":0.8095238095,"kendall_tau_lower_bound":0.1111111111,"kendall_tau_upper_bound":1.0},"RESP\/GAFF\/MMPBSA":{"sid":"19","RMSE":7.5905693368,"RMSE_lower_bound":6.3657927178,"RMSE_upper_bound":8.8981473381,"MAE":7.5257142857,"MAE_lower_bound":6.2537535118,"MAE_upper_bound":8.7853420835,"ME":7.5257142857,"ME_lower_bound":6.2537535118,"ME_upper_bound":8.7853420835,"R2":0.9494177085,"R2_lower_bound":0.4805137134,"R2_upper_bound":0.9968631864,"m":1.3582746155,"m_lower_bound":0.7436931708,"m_upper_bound":1.9627985028,"kendall_tau":0.8095238095,"kendall_tau_lower_bound":0.2941176471,"kendall_tau_upper_bound":1.0},"B2PLYPD3\/SMD_DZ":{"sid":"21","RMSE":8.4122538172,"RMSE_lower_bound":5.3995968511,"RMSE_upper_bound":10.9463076887,"MAE":7.4242857143,"MAE_lower_bound":4.3135295119,"MAE_upper_bound":10.4251924966,"ME":7.4242857143,"ME_lower_bound":4.2300688274,"ME_upper_bound":10.4222323657,"R2":0.7946430871,"R2_lower_bound":0.2160471804,"R2_upper_bound":0.9922516488,"m":2.4412184625,"m_lower_bound":0.8372662352,"m_upper_bound":3.8067809304,"kendall_tau":0.619047619,"kendall_tau_lower_bound":0.0,"kendall_tau_upper_bound":1.0},"AM1-BCC\/GAFF\/MMPBSA":{"sid":"17","RMSE":10.0545966744,"RMSE_lower_bound":7.9223982019,"RMSE_upper_bound":12.0805979775,"MAE":9.7342857143,"MAE_lower_bound":7.5843873267,"MAE_upper_bound":11.8427501184,"ME":9.7342857143,"ME_lower_bound":7.5843873267,"ME_upper_bound":11.8427501184,"R2":0.9258444857,"R2_lower_bound":0.6081162558,"R2_upper_bound":0.9966402753,"m":2.0607900699,"m_lower_bound":1.3824047664,"m_upper_bound":2.9362584069,"kendall_tau":0.9047619048,"kendall_tau_lower_bound":0.2941176471,"kendall_tau_upper_bound":1.0},"RESP\/GAFF\/MMGBSA":{"sid":"16","RMSE":11.1081591634,"RMSE_lower_bound":9.5810153022,"RMSE_upper_bound":12.6849114485,"MAE":11.0,"MAE_lower_bound":9.4642798225,"MAE_upper_bound":12.5625449033,"ME":11.0,"ME_lower_bound":9.4642798225,"ME_upper_bound":12.5625449033,"R2":0.9626979645,"R2_lower_bound":0.6570169337,"R2_upper_bound":0.9983300556,"m":1.6671781182,"m_lower_bound":1.0919800631,"m_upper_bound":2.3773598451,"kendall_tau":0.9047619048,"kendall_tau_lower_bound":0.3684210526,"kendall_tau_upper_bound":1.0}}