category,RMSE_mean,RMSE_std,MAE_mean,MAE_std,kendall_tau_mean,kendall_tau_std,R2_mean,R2_std,N
Physical (MM),1.609003952642426,0.4220900478620595,1.3465000000000003,0.35806374316448497,0.3801091094728714,0.15327789233747147,0.30729231138110485,0.1861881834500111,10
Empirical,0.7030973978060369,0.09474556101228618,0.5238636363636363,0.07136934610112204,0.44939849948823857,0.07109361346595151,0.4213150488096925,0.06703051155639939,10
Physical (QM),1.4193798720516266,0.6417139744042006,1.2071818181818181,0.624312139384555,0.4447474652445419,0.051935095793511625,0.40810874166822886,0.07872159080962186,10
