{"clip-g1": {"name": "4-azaniumylbutylammonium", "SMILES": "[NH3+]CCCC[NH3+]", "Kd_1": 3.42e-05, "dKd_1": 3.29e-06, "DH_1": -6.03, "dDH_1": 0.26, "Kd_2": 2.96e-05, "dKd_2": 7.7e-06, "DH_2": -6.14, "dDH_2": 0.696, "TDS": 0.0, "dTDS": 0.8, "n": 1, "Ka_1": 29239.76608187135, "dKa_1": 2812.831298519203, "Ka_2": 33783.78378378378, "dKa_2": 8788.349159970781, "Ka": 31000.0, "dKa": 9000.0, "DH": -6.1, "dDH": 0.8, "DG": -6.1, "dDG": 0.2}, "clip-g2": {"name": "5-azaniumylpentylammonium", "SMILES": "[NH3+]CCCCC[NH3+]", "Kd_1": 7.49e-07, "dKd_1": 1.77e-08, "DH_1": -8.58, "dDH_1": 0.021, "Kd_2": 8.29e-07, "dKd_2": 4.08e-08, "DH_2": -8.95, "dDH_2": 0.053, "TDS": -0.4, "dTDS": 0.3, "n": 1, "Ka_1": 1335113.4846461948, "dKa_1": 31550.745898848658, "Ka_2": 1206272.6176115803, "dKa_2": 59367.82002237933, "Ka": 1270000.0, "dKa": 80000.0, "DH": -8.8, "dDH": 0.3, "DG": -8.32, "dDG": 0.04}, "clip-g3": {"name": "6-azaniumylhexylammonium", "SMILES": "[NH3+]CCCCCC[NH3+]", "Kd_1": 4.35e-08, "dKd_1": 3.39e-09, "DH_1": -10.8, "dDH_1": 0.044, "Kd_2": 4.13e-08, "dKd_2": 3.24e-09, "DH_2": -10.9, "dDH_2": 0.043, "TDS": -0.8, "dTDS": 0.3, "n": 1, "Ka_1": 22988505.747126438, "dKa_1": 1791518.0340864053, "Ka_2": 24213075.06053269, "dKa_2": 1899524.5325938475, "Ka": 24000000.0, "dKa": 3000000.0, "DH": -10.9, "dDH": 0.3, "DG": -10.05, "dDG": 0.07}, "clip-g15": {"name": "trimethyl-[6-(trimethylammonio)hexyl]ammonium", "SMILES": "C[N+](C)(C)CCCCCC[N+](C)(C)C", "Kd_1": 1.83e-08, "dKd_1": 1e-09, "DH_1": -12.8, "dDH_1": 0.033, "Kd_2": 2e-08, "dKd_2": 8.74e-10, "DH_2": -12.7, "dDH_2": 0.028, "TDS": -2.2, "dTDS": 0.4, "n": 1, "Ka_1": 54644808.743169405, "dKa_1": 2986055.1225775634, "Ka_2": 50000000.0, "dKa_2": 2184999.9999999995, "Ka": 52000000.0, "dKa": 4000000.0, "DH": -12.8, "dDH": 0.4, "DG": -10.52, "dDG": 0.05}, "clip-g12": {"name": "hexyl(trimethyl)ammonium", "SMILES": "CCCCCC[N+](C)(C)C", "Kd_1": 8.3e-07, "dKd_1": 2.33e-08, "DH_1": -8.54, "dDH_1": 0.027, "Kd_2": 8.27e-07, "dKd_2": 3.1e-08, "DH_2": -8.25, "dDH_2": 0.034, "TDS": -0.1, "dTDS": 0.3, "n": 1, "Ka_1": 1204819.2771084337, "dKa_1": 33822.03512846567, "Ka_2": 1209189.8428053204, "dKa_2": 45326.34235425023, "Ka": 1210000.0, "dKa": 70000.0, "DH": -8.4, "dDH": 0.3, "DG": -8.29, "dDG": 0.03}, "clip-g5": {"name": "8-azaniumyloctylammonium", "SMILES": "[NH3+]CCCCCCCC[NH3+]", "Kd_1": 7.07e-09, "dKd_1": 1.13e-09, "DH_1": -11.5, "dDH_1": 0.094, "Kd_2": 6.63e-09, "dKd_2": 8.99e-10, "DH_2": -11.3, "dDH_2": 0.07, "TDS": -0.3, "dTDS": 0.4, "n": 1, "Ka_1": 141442715.70014146, "dKa_1": 22606827.261833075, "Ka_2": 150829562.59426847, "dKa_2": 20451851.70018814, "Ka": 150000000.0, "dKa": 30000000.0, "DH": -11.4, "dDH": 0.4, "DG": -11.1, "dDG": 0.1}, "clip-g16": {"name": "10-azaniumyldecylammonium", "SMILES": "[NH3+]CCCCCCCCCC[NH3+]", "Kd_1": 3.55e-09, "dKd_1": 7.8e-10, "DH_1": -11.3, "dDH_1": 0.068, "Kd_2": 3.27e-09, "dKd_2": 8.48e-10, "DH_2": -11.2, "dDH_2": 0.072, "TDS": 0.3, "dTDS": 0.4, "n": 1, "Ka_1": 281690140.8450704, "dKa_1": 61892481.65046618, "Ka_2": 305810397.5535168, "dKa_2": 79304959.36556032, "Ka": 300000000.0, "dKa": 100000000.0, "DH": -11.2, "dDH": 0.4, "DG": -11.5, "dDG": 0.2}, "clip-g17": {"name": "12-azaniumyldodecylammonium", "SMILES": "[NH3+]CCCCCCCCCCCC[NH3+]", "Kd_1": 1.97e-09, "dKd_1": 1.06e-09, "DH_1": -10.4, "dDH_1": 0.123, "Kd_2": 2.2e-09, "dKd_2": 5.76e-10, "DH_2": -10.4, "dDH_2": 0.064, "TDS": 1.4, "dTDS": 0.5, "n": 1, "Ka_1": 507614213.19796956, "dKa_1": 273132520.8070293, "Ka_2": 454545454.54545456, "dKa_2": 119008264.46280992, "Ka": 500000000.0, "dKa": 300000000.0, "DH": -10.4, "dDH": 0.3, "DG": -11.8, "dDG": 0.4}, "clip-g9": {"name": "1-adamantylammonium", "SMILES": "[NH3+]C1(C2)C[C@H]3C[C@@H]2C[C@@H](C1)C3", "Kd_1": 2.8e-06, "dKd_1": 1.13e-07, "DH_1": -4.83, "dDH_1": 0.036, "Kd_2": 2.79e-06, "dKd_2": 1.62e-07, "DH_2": -4.72, "dDH_2": 0.046, "TDS": 2.8, "dTDS": 0.2, "n": 1, "Ka_1": 357142.85714285716, "dKa_1": 14413.265306122452, "Ka_2": 358422.93906810036, "dKa_2": 20811.65452653486, "Ka": 360000.0, "dKa": 30000.0, "DH": -4.8, "dDH": 0.2, "DG": -7.57, "dDG": 0.05}, "clip-g6": {"name": "1-adamantyl(trimethyl)ammonium", "SMILES": "C[N+](C1(C2)C[C@H]3C[C@@H]2C[C@@H](C1)C3)(C)C", "Kd_1": 8.83e-08, "dKd_1": 9.44e-09, "DH_1": -10.1, "dDH_1": 0.119, "Kd_2": 9.7e-08, "dKd_2": 1.36e-08, "DH_2": -10.3, "dDH_2": 0.165, "TDS": -0.6, "dTDS": 0.4, "n": 1, "Ka_1": 11325028.31257078, "dKa_1": 1210739.1536882014, "Ka_2": 10309278.350515464, "dKa_2": 1445424.593474333, "Ka": 11000000.0, "dKa": 2000000.0, "DH": -10.2, "dDH": 0.4, "DG": -9.6, "dDG": 0.1}, "clip-g11": {"name": "1-(1-adamantyl)ethanamine", "SMILES": "NC(C)C1(C2)C[C@H]3C[C@@H]2C[C@@H](C1)C3", "Kd_1": 2.45e-07, "dKd_1": 2.23e-08, "DH_1": -7.41, "dDH_1": 0.084, "Kd_2": 2.38e-07, "dKd_2": 2.22e-08, "DH_2": -7.35, "dDH_2": 0.084, "TDS": 1.6, "dTDS": 0.3, "n": 1, "Ka_1": 4081632.6530612246, "dKa_1": 371511.8700541442, "Ka_2": 4201680.672268908, "dKa_2": 391921.4744721419, "Ka": 4100000.0, "dKa": 600000.0, "DH": -7.4, "dDH": 0.3, "DG": -9.02, "dDG": 0.08}, "clip-g10": {"name": "(9-azaniumyl-4-pentacyclo[7.3.1.1^{4,12}.0^{2,7}.0^{6,11}]tetradecanyl)ammonium", "SMILES": "[NH3+]C1(C2)C[C@H]3[C@H](C4)[C@@H]2[C@@H]5CC4([NH3+])C[C@H]3[C@@H]5C1", "Kd_1": 9.02e-07, "dKd_1": 6.48e-08, "DH_1": -5.88, "dDH_1": 0.049, "Kd_2": 1.17e-06, "dKd_2": 7.26e-08, "DH_2": -5.8, "dDH_2": 0.047, "TDS": 2.3, "dTDS": 0.2, "n": 1, "Ka_1": 1108647.4501108648, "dKa_1": 79645.62612769847, "Ka_2": 854700.8547008546, "dKa_2": 53035.283804514576, "Ka": 1000000.0, "dKa": 100000.0, "DH": -5.8, "dDH": 0.2, "DG": -8.17, "dDG": 0.08}, "clip-g8": {"name": "[4-(azaniumylmethyl)phenyl]methylammonium", "SMILES": "[NH3+]CC1=CC=C(C[NH3+])C=C1", "Kd_1": 1.14e-07, "dKd_1": 6.79e-09, "DH_1": -10.5, "dDH_1": 0.044, "Kd_2": 1.2e-07, "dKd_2": 5.34e-09, "DH_2": -10.6, "dDH_2": 0.033, "TDS": -1.1, "dTDS": 0.3, "n": 1, "Ka_1": 8771929.824561404, "dKa_1": 522468.45183133276, "Ka_2": 8333333.333333334, "dKa_2": 370833.33333333343, "Ka": 8500000.0, "dKa": 700000.0, "DH": -10.6, "dDH": 0.3, "DG": -9.45, "dDG": 0.05}, "clip-g18": {"name": "1-methyl-4-(1-methylpyridin-1-ium-4-yl)pyridin-1-ium", "SMILES": "C[N+]1=CC=C(C2=CC=[N+](C)C=C2)C=C1", "Kd_1": 1.72e-08, "dKd_1": 1.42e-09, "DH_1": -12.4, "dDH_1": 0.045, "Kd_2": 1.98e-08, "dKd_2": 2.34e-09, "DH_2": -12.3, "dDH_2": 0.069, "TDS": -1.8, "dTDS": 0.4, "n": 1, "Ka_1": 58139534.883720934, "dKa_1": 4799891.833423473, "Ka_2": 50505050.50505051, "dKa_2": 5968778.696051424, "Ka": 54000000.0, "dKa": 8000000.0, "DH": -12.4, "dDH": 0.4, "DG": -10.55, "dDG": 0.09}, "clip-g19": {"name": "4-(1,1-dimethylpiperidin-1-ium-4-yl)-1,1-dimethyl-piperidin-1-ium", "SMILES": "C[N+]1(C)CCC(C2CC[N+](C)(C)CC2)CC1", "Kd_1": 2.8e-09, "dKd_1": 1.53e-10, "DH_1": -13.7, "dDH_1": 0.039, "Kd_2": 2.74e-09, "dKd_2": 6.04e-10, "DH_2": -13.6, "dDH_2": 0.144, "TDS": -2.0, "dTDS": 0.5, "n": 1, "Ka_1": 357142857.14285713, "dKa_1": 19515306.122448977, "Ka_2": 364963503.649635, "dKa_2": 80451808.83371517, "Ka": 360000000.0, "dKa": 80000000.0, "DH": -13.6, "dDH": 0.4, "DG": -11.7, "dDG": 0.1}, "clip-g7": {"name": "(4-azaniumylcyclohexyl)ammonium", "SMILES": "[NH3+][C@H]1CC[C@H]([NH3+])CC1", "Kd_1": 1.68e-05, "dKd_1": 6.52e-07, "DH_1": -6.61, "dDH_1": 0.088, "Kd_2": 1.72e-05, "dKd_2": 1.24e-06, "DH_2": -6.8, "dDH_2": 0.17, "TDS": -0.2, "dTDS": 0.3, "n": 1, "Ka_1": 59523.80952380953, "dKa_1": 2310.0907029478462, "Ka_2": 58139.534883720924, "dKa_2": 4191.454840454299, "Ka": 59000.0, "dKa": 5000.0, "DH": -6.7, "dDH": 0.3, "DG": -6.5, "dDG": 0.05}}