ID,Sensitivity,Sensitivity_lower_bound,Sensitivity_upper_bound,Specificity,Specificity_lower_bound,Specificity_upper_bound,Precision,Precision_lower_bound,Precision_upper_bound,Balanced Accuracy,Balanced Accuracy_lower_bound,Balanced Accuracy_upper_bound,Accuracy,Accuracy_lower_bound,Accuracy_upper_bound,True Positive,True Positive_lower_bound,True Positive_upper_bound,False Negative,False Negative_lower_bound,False Negative_upper_bound,True Negative,True Negative_lower_bound,True Negative_upper_bound,False Positive,False Positive_lower_bound,False Positive_upper_bound
33,0.0,0.0,0.0,0.9172932330827067,0.8972431077694235,0.9360902255639098,0.0,0.0,0.0,0.45864661654135336,0.449874686716792,0.9311639549436797,0.9161451814768461,0.8961201501877347,0.934918648310388,0,0.0,0.0,1,0.0,3.0,732,716.0,747.0,66,51.0,82.0
35,0.0,0.0,0.0,0.9874686716791979,0.979874213836478,0.9949874686716792,0.0,0.0,0.0,0.49373433583959897,0.4899749373433584,0.9937421777221527,0.986232790988736,0.9774718397997497,0.9937421777221527,0,0.0,0.0,1,0.0,3.0,788,781.0,794.0,10,4.0,16.0
37,0.0,0.0,0.0,1.0,1.0,1.0,0.0,0.0,0.0,0.5,0.5,1.0,0.9987484355444305,0.9962453066332916,1.0,0,0.0,0.0,1,0.0,3.0,798,796.0,799.0,0,0.0,0.0
38,0.0,0.0,0.0,0.5451127819548872,0.5106382978723404,0.5794743429286608,0.0,0.0,0.0,0.2725563909774436,0.2568922305764411,0.571964956195244,0.5444305381727159,0.509386733416771,0.5794743429286608,0,0.0,0.0,1,0.0,3.0,435,407.0,463.0,363,336.0,391.0
43,0.0,0.0,0.0,0.9661654135338346,0.9524405506883604,0.9786432160804021,0.0,0.0,0.0,0.4830827067669173,0.4768170426065163,0.9749687108886108,0.9649561952440551,0.951188986232791,0.9774718397997497,0,0.0,0.0,1,0.0,3.0,771,760.0,781.0,27,17.0,38.0
44,0.0,0.0,0.0,1.0,1.0,1.0,0.0,0.0,0.0,0.5,0.5,1.0,0.9987484355444305,0.9962453066332916,1.0,0,0.0,0.0,1,0.0,3.0,798,796.0,799.0,0,0.0,0.0
52,0.0,0.0,0.0,1.0,1.0,1.0,0.0,0.0,0.0,0.5,0.5,1.0,0.9987484355444305,0.9962453066332916,1.0,0,0.0,0.0,1,0.0,3.0,798,796.0,799.0,0,0.0,0.0
55,0.0,0.0,0.0,0.9924812030075187,0.986198243412798,0.9974968710888611,0.0,0.0,0.0,0.49624060150375937,0.4931077694235589,0.9962453066332916,0.9912390488110138,0.983729662077597,0.9974968710888611,0,0.0,0.0,1,0.0,3.0,792,786.0,797.0,6,2.0,11.0
56,0.0,0.0,0.0,0.9899749373433584,0.9824561403508771,0.9962406015037594,0.0,0.0,0.0,0.4949874686716792,0.4918444165621079,0.9949937421777222,0.9887359198998749,0.981226533166458,0.9949937421777222,0,0.0,0.0,1,0.0,3.0,790,784.0,795.0,8,3.0,14.0
