{"AMOEBA\/DDM\/BAR":{"sid":"29","RMSE":1.0519505692,"RMSE_lower_bound":0.7852244484,"RMSE_upper_bound":2.1941015091,"MAE":0.788,"MAE_lower_bound":0.6096258533,"MAE_upper_bound":1.7947092233,"ME":-0.304,"ME_lower_bound":-1.1876047975,"ME_upper_bound":0.5630016438,"R2":0.8266462017,"R2_lower_bound":0.4245023576,"R2_upper_bound":0.9274121187,"m":1.1428317916,"m_lower_bound":0.6932786385,"m_upper_bound":1.8137235455,"kendall_tau":0.7846979774,"kendall_tau_lower_bound":0.3663366337,"kendall_tau_upper_bound":0.9286197753},"RESP\/GAFF\/MMPBSA-Cor":{"sid":"20","RMSE":1.4484014177,"RMSE_lower_bound":1.0535017033,"RMSE_upper_bound":2.4783662275,"MAE":1.1626666667,"MAE_lower_bound":0.8334253135,"MAE_upper_bound":2.1371231521,"ME":1.0186666667,"ME_lower_bound":0.12905243,"ME_upper_bound":1.9125279108,"R2":0.7047729384,"R2_lower_bound":0.0335811795,"R2_upper_bound":0.860356906,"m":0.6112381582,"m_lower_bound":0.1358163757,"m_upper_bound":1.0313509188,"kendall_tau":0.5741692518,"kendall_tau_lower_bound":0.0,"kendall_tau_upper_bound":0.8325419046},"xtb-GNF\/Machine Learning\/CORINA MD":{"sid":"28","RMSE":1.7724070262,"RMSE_lower_bound":1.1806561266,"RMSE_upper_bound":2.8228343412,"MAE":1.2706666667,"MAE_lower_bound":0.8843452452,"MAE_upper_bound":2.3473623321,"ME":0.312,"ME_lower_bound":-0.7648877443,"ME_upper_bound":1.4403963255,"R2":0.173997122,"R2_lower_bound":0.0004027837,"R2_upper_bound":0.6206013747,"m":0.273862947,"m_lower_bound":-0.182091549,"m_upper_bound":0.8654941349,"kendall_tau":0.3445015511,"kendall_tau_lower_bound":-0.2210526316,"kendall_tau_upper_bound":0.6811706492},"B2PLYPD3\/SMD_QZ-R":{"sid":"23","RMSE":3.9181619841,"RMSE_lower_bound":2.5251283176,"RMSE_upper_bound":5.4416772903,"MAE":3.0046666667,"MAE_lower_bound":1.8371008905,"MAE_upper_bound":4.5627205958,"ME":1.8406666667,"ME_lower_bound":-0.047245825,"ME_upper_bound":3.7646736128,"R2":0.2851023069,"R2_lower_bound":0.0179071733,"R2_upper_bound":0.6198132424,"m":1.1716446322,"m_lower_bound":0.2144136563,"m_upper_bound":2.2239107601,"kendall_tau":0.3512571265,"kendall_tau_lower_bound":-0.068966354,"kendall_tau_upper_bound":0.6701030928}}