ID,sid,RMSE,RMSE_lower_bound,RMSE_upper_bound,MAE,MAE_lower_bound,MAE_upper_bound,ME,ME_lower_bound,ME_upper_bound,R2,R2_lower_bound,R2_upper_bound,m,m_lower_bound,m_upper_bound,kendall_tau,kendall_tau_lower_bound,kendall_tau_upper_bound
AMOEBA/DDM/BAR,29,1.0519505691808908,0.7852244483750332,2.1941015090773015,0.788,0.6096258533289167,1.7947092232886612,-0.3040000000000001,-1.1876047974718653,0.5630016438377908,0.8266462016923221,0.42450235763349964,0.9274121187398551,1.1428317915723487,0.6932786384859606,1.8137235454974465,0.7846979774097267,0.36633663366336633,0.9286197752993177
RESP/GAFF/MMPBSA-Cor,20,1.4484014176555706,1.0535017032962148,2.478366227485109,1.1626666666666665,0.8334253135267085,2.1371231521048983,1.0186666666666666,0.1290524299689084,1.9125279108295663,0.7047729383682843,0.033581179505628264,0.8603569059913927,0.6112381582232641,0.13581637565047558,1.0313509187745318,0.5741692517632146,0.0,0.8325419045989558
xtb-GNF/Machine Learning/CORINA MD,28,1.7724070262404927,1.1806561266134106,2.8228343411569576,1.2706666666666668,0.8843452451930579,2.3473623320873482,0.31199999999999994,-0.7648877442689319,1.4403963254537222,0.17399712202082088,0.00040278374062566375,0.6206013747355611,0.27386294697484,-0.182091548982788,0.8654941348946591,0.3445015510579288,-0.22105263157894742,0.6811706492173275
B2PLYPD3/SMD_QZ-R,23,3.9181619840600432,2.52512831761605,5.441677290329937,3.004666666666667,1.8371008904732842,4.562720595802292,1.8406666666666667,-0.04724582500617777,3.7646736128145926,0.2851023069023313,0.01790717329529969,0.619813242409525,1.1716446321749665,0.21441365631653067,2.2239107600860066,0.3512571265129341,-0.06896635403397842,0.6701030927835052
