{"MGLab_35-g1":{"RMSE":0.9099550355,"RMSE_lower_bound":0.2759247773,"RMSE_upper_bound":3.1674086793,"MAE":0.5988333333,"MAE_lower_bound":0.2326448674,"MAE_upper_bound":2.4164767227,"ME":-0.3221666667,"ME_lower_bound":-2.0055237192,"ME_upper_bound":1.0247674569},"MGLab_34-g1":{"RMSE":1.1233933713,"RMSE_lower_bound":0.6615687518,"RMSE_upper_bound":2.9213697164,"MAE":0.969,"MAE_lower_bound":0.5626910588,"MAE_upper_bound":2.5412372719,"ME":0.669,"ME_lower_bound":-1.0970559572,"ME_upper_bound":1.9901402118},"MGLab_9-g1":{"RMSE":1.2057310369,"RMSE_lower_bound":0.6596609888,"RMSE_upper_bound":3.0190236328,"MAE":1.063,"MAE_lower_bound":0.5349707601,"MAE_upper_bound":2.6024034957,"ME":1.063,"ME_lower_bound":-0.4236595426,"ME_upper_bound":2.4944285622},"MGLab_34-g2":{"RMSE":1.6806360403,"RMSE_lower_bound":0.4653002655,"RMSE_upper_bound":3.3834305082,"MAE":1.0691666667,"MAE_lower_bound":0.3818641576,"MAE_upper_bound":2.9674130414,"ME":-0.9958333333,"ME_lower_bound":-2.7577731733,"ME_upper_bound":0.7480847212},"MGLab_24-g2":{"RMSE":1.4997953194,"RMSE_lower_bound":0.9545918071,"RMSE_upper_bound":3.1582076936,"MAE":1.2623333333,"MAE_lower_bound":0.7937780062,"MAE_upper_bound":2.8459942206,"ME":0.861,"ME_lower_bound":-0.9196399207,"ME_upper_bound":2.5077731191},"MGLab_8-g1":{"RMSE":1.6992194777,"RMSE_lower_bound":0.9033649922,"RMSE_upper_bound":3.2805476144,"MAE":1.4531666667,"MAE_lower_bound":0.7738633327,"MAE_upper_bound":2.9950022924,"ME":0.1331666667,"ME_lower_bound":-1.6832288019,"ME_upper_bound":2.1668968674},"MGLab_9-g2":{"RMSE":1.6451016179,"RMSE_lower_bound":0.8411119011,"RMSE_upper_bound":3.4877290124,"MAE":1.4743333333,"MAE_lower_bound":0.6603720596,"MAE_upper_bound":3.0082580116,"ME":0.4523333333,"ME_lower_bound":-1.3149711311,"ME_upper_bound":2.4091753234},"MGLab_35-g2":{"RMSE":1.8746032914,"RMSE_lower_bound":0.696894221,"RMSE_upper_bound":3.7800352245,"MAE":1.5758333333,"MAE_lower_bound":0.5792581937,"MAE_upper_bound":3.2816599503,"ME":-1.5758333333,"ME_lower_bound":-3.2463328634,"ME_upper_bound":-0.0303174407},"MGLab_23-g1":{"RMSE":1.7869993471,"RMSE_lower_bound":1.2077725489,"RMSE_upper_bound":3.2682709531,"MAE":1.58,"MAE_lower_bound":1.0253061554,"MAE_upper_bound":3.0678805447,"ME":1.58,"ME_lower_bound":-0.1225613113,"ME_upper_bound":2.9190730951},"MGLab_24-g1":{"RMSE":1.8963721505,"RMSE_lower_bound":1.2906599178,"RMSE_upper_bound":3.4001167217,"MAE":1.6736666667,"MAE_lower_bound":1.0970268436,"MAE_upper_bound":3.1808705475,"ME":1.6736666667,"ME_lower_bound":-0.1591702835,"ME_upper_bound":3.0376204464},"MGLab_19-g1":{"RMSE":1.9005350562,"RMSE_lower_bound":1.194359342,"RMSE_upper_bound":3.3113090886,"MAE":1.7218333333,"MAE_lower_bound":0.9823018536,"MAE_upper_bound":3.1156988322,"ME":1.7218333333,"ME_lower_bound":0.0161850786,"ME_upper_bound":3.0415572457},"MGLab_23-g2":{"RMSE":1.8506087287,"RMSE_lower_bound":0.9613695825,"RMSE_upper_bound":3.9572786506,"MAE":1.739,"MAE_lower_bound":0.8265914702,"MAE_upper_bound":3.3968450286,"ME":1.3543333333,"ME_lower_bound":-0.2574427944,"ME_upper_bound":3.235636026},"MGLab_8-g2":{"RMSE":2.4888822458,"RMSE_lower_bound":0.6657770054,"RMSE_upper_bound":4.4977992488,"MAE":1.8661666667,"MAE_lower_bound":0.5421457927,"MAE_upper_bound":3.9319467367,"ME":1.6995,"ME_lower_bound":-0.2090212312,"ME_upper_bound":3.8399724309},"clip-g3":{"RMSE":2.600783728,"RMSE_lower_bound":1.3235785121,"RMSE_upper_bound":4.3407605179,"MAE":2.1311428571,"MAE_lower_bound":1.0311124917,"MAE_upper_bound":3.8113259742,"ME":-0.9511428571,"ME_lower_bound":-2.9317484588,"ME_upper_bound":1.3343748448},"MGLab_36-g1":{"RMSE":2.3437402089,"RMSE_lower_bound":1.5982997183,"RMSE_upper_bound":3.7883144063,"MAE":2.1838333333,"MAE_lower_bound":1.335948895,"MAE_upper_bound":3.6085856245,"ME":2.1838333333,"ME_lower_bound":0.4535911411,"ME_upper_bound":3.5654626818},"MGLab_19-g2":{"RMSE":2.6047144437,"RMSE_lower_bound":1.1360361565,"RMSE_upper_bound":4.3755435726,"MAE":2.2213333333,"MAE_lower_bound":0.983371466,"MAE_upper_bound":3.9501197306,"ME":2.2213333333,"ME_lower_bound":0.4803555189,"ME_upper_bound":3.9240313936},"clip-g2":{"RMSE":3.5025282297,"RMSE_lower_bound":1.1215380984,"RMSE_upper_bound":5.345805716,"MAE":2.4051428571,"MAE_lower_bound":0.9342614232,"MAE_upper_bound":4.7914936474,"ME":-1.7308571429,"ME_lower_bound":-4.2740356483,"ME_upper_bound":0.7806385962},"MGLab_36-g2":{"RMSE":2.667186064,"RMSE_lower_bound":1.6001124059,"RMSE_upper_bound":4.5843197785,"MAE":2.5638333333,"MAE_lower_bound":1.3755198967,"MAE_upper_bound":4.1860785699,"ME":2.0361666667,"ME_lower_bound":0.0846572165,"ME_upper_bound":3.9974290377},"clip-g7":{"RMSE":2.9782771146,"RMSE_lower_bound":1.871710674,"RMSE_upper_bound":4.437644318,"MAE":2.6531428571,"MAE_lower_bound":1.4746546413,"MAE_upper_bound":4.0964217292,"ME":-2.0817142857,"ME_lower_bound":-3.7831579504,"ME_upper_bound":0.0101836777},"clip-g12":{"RMSE":3.3882541227,"RMSE_lower_bound":1.9396797746,"RMSE_upper_bound":4.9732500666,"MAE":2.8468571429,"MAE_lower_bound":1.393842948,"MAE_upper_bound":4.6290167789,"ME":-1.8954285714,"ME_lower_bound":-4.2829891882,"ME_upper_bound":0.4798706841},"clip-g10":{"RMSE":4.1657939048,"RMSE_lower_bound":1.800860079,"RMSE_upper_bound":6.2930893045,"MAE":3.0897142857,"MAE_lower_bound":1.214578201,"MAE_upper_bound":5.5724769842,"ME":-0.8325714286,"ME_lower_bound":-3.9226226917,"ME_upper_bound":2.6951803221},"clip-g19":{"RMSE":4.7052236625,"RMSE_lower_bound":1.3910940088,"RMSE_upper_bound":7.8191843226,"MAE":3.0934285714,"MAE_lower_bound":1.1278727601,"MAE_upper_bound":6.2860039296,"ME":-2.2877142857,"ME_lower_bound":-5.8500233344,"ME_upper_bound":0.5557825635},"clip-g1":{"RMSE":5.3072976982,"RMSE_lower_bound":0.9914342749,"RMSE_upper_bound":7.9823327509,"MAE":3.2674285714,"MAE_lower_bound":0.851757966,"MAE_upper_bound":6.9163299363,"ME":-3.0674285714,"ME_lower_bound":-6.5370516698,"ME_upper_bound":0.1347460903},"clip-g6":{"RMSE":4.2847214945,"RMSE_lower_bound":2.5616995605,"RMSE_upper_bound":6.0379204256,"MAE":3.5077142857,"MAE_lower_bound":1.9005682502,"MAE_upper_bound":5.6355889632,"ME":-3.5077142857,"ME_lower_bound":-5.5852664746,"ME_upper_bound":-1.1993975612},"clip-g5":{"RMSE":5.1889284608,"RMSE_lower_bound":1.4564436286,"RMSE_upper_bound":7.700036314,"MAE":3.6642857143,"MAE_lower_bound":1.2114009968,"MAE_upper_bound":6.8120780578,"ME":-3.2357142857,"ME_lower_bound":-6.5195534143,"ME_upper_bound":-0.1245235357},"clip-g8":{"RMSE":4.1714844566,"RMSE_lower_bound":2.3229775517,"RMSE_upper_bound":5.8494048808,"MAE":3.6848571429,"MAE_lower_bound":1.9349116013,"MAE_upper_bound":5.5144450946,"ME":-2.1134285714,"ME_lower_bound":-4.8049343277,"ME_upper_bound":0.930922498},"clip-g15":{"RMSE":5.0941010422,"RMSE_lower_bound":1.8458453657,"RMSE_upper_bound":7.5617574992,"MAE":3.7248571429,"MAE_lower_bound":1.5212235436,"MAE_upper_bound":6.7432783198,"ME":-2.5305714286,"ME_lower_bound":-6.1649434493,"ME_upper_bound":0.8150358466},"exoOA-g2":{"RMSE":4.8840785484,"RMSE_lower_bound":3.2943721915,"RMSE_upper_bound":6.6494971586,"MAE":3.8871333333,"MAE_lower_bound":2.4686441131,"MAE_upper_bound":5.6974598101,"ME":2.4631333333,"ME_lower_bound":0.1751825121,"ME_upper_bound":4.7651431374},"exoOA-g4":{"RMSE":4.7851283577,"RMSE_lower_bound":3.1432870466,"RMSE_upper_bound":6.5402794416,"MAE":3.9514,"MAE_lower_bound":2.5235096991,"MAE_upper_bound":5.5849394822,"ME":1.3527333333,"ME_lower_bound":-1.0746122639,"ME_upper_bound":3.8042870532},"clip-g11":{"RMSE":4.4013457195,"RMSE_lower_bound":2.7496370204,"RMSE_upper_bound":6.3011296905,"MAE":3.9932857143,"MAE_lower_bound":2.3580102573,"MAE_upper_bound":5.7847652193,"ME":-3.9932857143,"ME_lower_bound":-5.7813223112,"ME_upper_bound":-2.2805077704},"clip-g9":{"RMSE":4.2774917216,"RMSE_lower_bound":3.0350468892,"RMSE_upper_bound":5.5922102424,"MAE":3.9991428571,"MAE_lower_bound":2.5129771764,"MAE_upper_bound":5.420549879,"ME":-3.5334285714,"ME_lower_bound":-5.2883850137,"ME_upper_bound":-1.1229504699},"exoOA-g8":{"RMSE":5.8598267096,"RMSE_lower_bound":3.2119797009,