{"bow02":{"name":"GROVER","category":"Empirical","reassigned_category":"Empirical","type":"Standard","RMSE":0.6877730863,"RMSE_lower_bound":0.4045536261,"RMSE_upper_bound":0.9597371799,"MAE":0.4877272727,"MAE_lower_bound":0.3018181818,"MAE_upper_bound":0.7118181818,"ME":-0.2095454545,"ME_lower_bound":-0.4940909091,"ME_upper_bound":0.045,"R2":0.3296629848,"R2_lower_bound":0.0384981582,"R2_upper_bound":0.7005119355,"m":0.5581028671,"m_lower_bound":0.1768696797,"m_upper_bound":0.9218929723,"kendall_tau":0.3695687105,"kendall_tau_lower_bound":0.0496615261,"kendall_tau_upper_bound":0.6526824259,"ES":0.3503883052,"ES_lower_bound":0.0350928195,"ES_upper_bound":0.3557179839},"mix00":{"name":"MixedMethod","category":"Mixed","reassigned_category":"Mixed","type":"Standard","RMSE":0.6877730863,"RMSE_lower_bound":0.4099556517,"RMSE_upper_bound":0.9544751056,"MAE":0.4877272727,"MAE_lower_bound":0.3031818182,"MAE_upper_bound":0.7095454545,"ME":-0.2095454545,"ME_lower_bound":-0.5031818182,"ME_upper_bound":0.0418181818,"R2":0.3296629848,"R2_lower_bound":0.0371760482,"R2_upper_bound":0.6999400719,"m":0.5581028671,"m_lower_bound":0.1782589996,"m_upper_bound":0.9259581014,"kendall_tau":0.3695687105,"kendall_tau_lower_bound":0.0500005165,"kendall_tau_upper_bound":0.6576576577,"ES":0.3503883052,"ES_lower_bound":0.0395780556,"ES_upper_bound":0.3401857774},"pqo98":{"name":"ffsampled_deeplearning_cl1","category":"Empirical","reassigned_category":"Empirical","type":"Standard","RMSE":0.7688982673,"RMSE_lower_bound":0.4489583905,"RMSE_upper_bound":1.0395256785,"MAE":0.5113636364,"MAE_lower_bound":0.2931818182,"MAE_upper_bound":0.7654545455,"ME":-0.2495454545,"ME_lower_bound":-0.5677272727,"ME_upper_bound":0.0304545455,"R2":0.3086276134,"R2_lower_bound":0.0490322843,"R2_upper_bound":0.6831453406,"m":0.6277592015,"m_lower_bound":0.2402252163,"m_upper_bound":1.0423458665,"kendall_tau":0.4199134199,"kendall_tau_lower_bound":0.0720720721,"kendall_tau_upper_bound":0.7363636364,"ES":0.4077273419,"ES_lower_bound":0.0331409112,"ES_upper_bound":0.383473843},"dci71":{"name":"TFE-prediction-Attentive FP","category":"Empirical","reassigned_category":"Empirical","type":"Standard","RMSE":0.7907821215,"RMSE_lower_bound":0.4670896352,"RMSE_upper_bound":1.0666749526,"MAE":0.5681818182,"MAE_lower_bound":0.3577272727,"MAE_upper_bound":0.8168181818,"ME":-0.1827272727,"ME_lower_bound":-0.5240909091,"ME_upper_bound":0.1172727273,"R2":0.1901477519,"R2_lower_bound":0.0047592974,"R2_upper_bound":0.6212821132,"m":0.4418548425,"m_lower_bound":0.0403598487,"m_upper_bound":0.8775858955,"kendall_tau":0.3383955901,"kendall_tau_lower_bound":-0.0183486239,"kendall_tau_upper_bound":0.6851851852,"ES":0.3751401636,"ES_lower_bound":0.0388305162,"ES_upper_bound":0.3463183687},"bst66":{"name":"ffsampled_deeplearning_cl2","category":"Empirical","reassigned_category":"Empirical","type":"Standard","RMSE":0.8211881636,"RMSE_lower_bound":0.4769124181,"RMSE_upper_bound":1.1063761484,"MAE":0.5568181818,"MAE_lower_bound":0.3222727273,"MAE_upper_bound":0.8259090909,"ME":-0.3677272727,"ME_lower_bound":-0.6881818182,"ME_upper_bound":-0.0768181818,"R2":0.3551707176,"R2_lower_bound":0.0781541587,"R2_upper_bound":0.7345747573,"m":0.7303063224,"m_lower_bound":0.3179519453,"m_upper_bound":1.1850269521,"kendall_tau":0.4025974026,"kendall_tau_lower_bound":0.0776255708,"kendall_tau_upper_bound":0.7027027027,"ES":0.3887896784,"ES_lower_bound":0.0416545538,"ES_upper_bound":0.3703919044},"REF00":{"name":"ChemAxon","category":"Empirical","reassigned_category":"Empirical","type":"Reference","RMSE":1.0028550154,"RMSE_lower_bound":0.7818800187,"RMSE_upper_bound":1.1991720629,"MAE":0.85,"MAE_lower_bound":0.6277272727,"MAE_upper_bound":1.0695454545,"ME":0.46,"ME_lower_bound":0.0777272727,"ME_upper_bound":0.8259090909,"R2":0.3861030249,"R2_lower_bound":0.1077165036,"R2_upper_bound":0.701944788,"m":0.9819539537,"m_lower_bound":0.4567629546,"m_upper_bound":1.5166643789,"kendall_tau":0.4025974026,"kendall_tau_lower_bound":0.0900900901,"kendall_tau_upper_bound":0.6774193548,"ES":0.0053988953,"ES_lower_bound":0.0,"ES_upper_bound":0.0373215942},"NULL0":{"name":"mean clogP of FDA approved oral drugs (1998-2017)","category":"Empirical","reassigned_category":"Empirical","type":"Reference","RMSE":1.1972335536,"RMSE_lower_bound":0.9498731973,"RMSE_upper_bound":1.4159689904,"MAE":1.0095454545,"MAE_lower_bound":0.7422727273,"MAE_upper_bound":1.2754545455,"ME":-0.9568181818,"ME_lower_bound":-1.2518181818,"ME_upper_bound":-0.6509090909,"R2":9.958221073e-32,"R2_lower_bound":1.622309628e-34,"R2_upper_bound":5.110793441e-31,"m":3.894770908e-31,"m_lower_bound":-7.243166129e-31,"m_upper_bound":8.930708396e-31,"kendall_tau":null,"kendall_tau_lower_bound":null,"kendall_tau_upper_bound":null,"ES":0.0360480086,"ES_lower_bound":0.0,"ES_upper_bound":0.0685105971},"sld20":{"name":"COSMO-RS","category":"Physical (QM)","reassigned_category":"Physical (QM)","type":"Standard","RMSE":1.332395314,"RMSE_lower_bound":0.9859835883,"RMSE_upper_bound":1.6296527795,"MAE":1.1231818182,"MAE_lower_bound":0.8354545455,"MAE_upper_bound":1.4236363636,"ME":-1.1231818182,"ME_lower_bound":-1.4236363636,"ME_upper_bound":-0.8345454545,"R2":0.4860118975,"R2_lower_bound":0.1722602791,"R2_upper_bound":0.7950236319,"m":0.9680224474,"m_lower_bound":0.5027613931,"m_upper_bound":1.4475177216,"kendall_tau":0.5292854101,"kendall_tau_lower_bound":0.2516860287,"kendall_tau_upper_bound":0.7828054299,"ES":0.2688372994,"ES_lower_bound":0.0191037834,"ES_upper_bound":0.2701247283},"hcd32":{"name":"MD-EE-MCC (GAFF-TIP4P-Ew)","category":"Physical (MM)","reassigned_category":"Physical (MM)","type":"Standard","RMSE":2.0613609803,"RMSE_lower_bound":1.493995558,"RMSE_upper_bound":2.5701070017,"MAE":1.61,"MAE_lower_bound":1.0936363636,"MAE_upper_bound":2.1640909091,"ME":-0.9263636364,"ME_lower_bound":-1.6922727273,"ME_upper_bound":-0.1477272727,"R2":0.0343172055,"R2_lower_bound":0.0001152927,"R2_upper_bound":0.2775348771,"m":0.4720087198,"m_lower_bound":-0.5190347554,"m_upper_bound":1.4917564551,"kendall_tau":0.1082251082,"kendall_tau_lower_bound":-0.1643192488,"kendall_tau_upper_bound":0.3755656109,"ES":0.3515373008,"ES_lower_bound":0.012237496,"ES_upper_bound":0.3649653225}}