{"AMOEBA\/DDM\/BAR\/ALT-2":{"sid":"9","RMSE":1.582071427,"RMSE_lower_bound":1.1877800897,"RMSE_upper_bound":2.5582005484,"MAE":1.3925,"MAE_lower_bound":0.9464898423,"MAE_upper_bound":2.2321726572,"ME":-0.36,"ME_lower_bound":-1.3624560182,"ME_upper_bound":0.6848269048,"R2":0.6256650785,"R2_lower_bound":0.1830908957,"R2_upper_bound":0.8304937257,"m":1.1353591849,"m_lower_bound":0.5413831653,"m_upper_bound":1.7590406578,"kendall_tau":0.6,"kendall_tau_lower_bound":0.1652173913,"kendall_tau_upper_bound":0.8},"AMOEBA\/DDM\/BAR-ALT1":{"sid":"8","RMSE":1.6818702388,"RMSE_lower_bound":1.2818215297,"RMSE_upper_bound":2.6408721396,"MAE":1.55875,"MAE_lower_bound":1.0343757545,"MAE_upper_bound":2.3439172469,"ME":-0.69875,"ME_lower_bound":-1.7123130073,"ME_upper_bound":0.3229315598,"R2":0.6996533099,"R2_lower_bound":0.2582005324,"R2_upper_bound":0.8823223116,"m":1.2781120699,"m_lower_bound":0.6991828874,"m_upper_bound":1.8775140251,"kendall_tau":0.6666666667,"kendall_tau_lower_bound":0.2321428571,"kendall_tau_upper_bound":0.8545454545},"AMOEBA\/DDM\/BAR":{"sid":"6","RMSE":2.7627409397,"RMSE_lower_bound":1.8306034867,"RMSE_upper_bound":3.9785399412,"MAE":2.12375,"MAE_lower_bound":1.3469288944,"MAE_upper_bound":3.3302233414,"ME":-1.685,"ME_lower_bound":-2.9794687312,"ME_upper_bound":-0.4380716836,"R2":0.5046967638,"R2_lower_bound":0.1290759536,"R2_upper_bound":0.7681582685,"m":1.2495810375,"m_lower_bound":0.5346941883,"m_upper_bound":2.0624628969,"kendall_tau":0.4666666667,"kendall_tau_lower_bound":0.1150442478,"kendall_tau_upper_bound":0.7368421053},"FSDAM\/GAFF2\/OPC3":{"sid":"4","RMSE":2.9684655127,"RMSE_lower_bound":2.1100498645,"RMSE_upper_bound":5.1288926412,"MAE":2.23875,"MAE_lower_bound":1.6172347712,"MAE_upper_bound":4.2190076682,"ME":0.42875,"ME_lower_bound":-1.5918468434,"ME_upper_bound":2.3318049642,"R2":0.1177690064,"R2_lower_bound":0.0002418239,"R2_upper_bound":0.5554870717,"m":0.6016425824,"m_lower_bound":-0.5078896054,"m_upper_bound":1.6007407777,"kendall_tau":0.2353024259,"kendall_tau_lower_bound":-0.2321428571,"kendall_tau_upper_bound":0.6140350877},"MD\/DOCKING\/GAFF\/xtb-GNF\/":{"sid":"5","RMSE":5.6524253644,"RMSE_lower_bound":3.8689759003,"RMSE_upper_bound":7.3635532971,"MAE":4.5125,"MAE_lower_bound":3.0082940724,"MAE_upper_bound":6.3983884886,"ME":-4.2275,"ME_lower_bound":-6.194998812,"ME_upper_bound":-2.2345007597,"R2":0.0029442777,"R2_lower_bound":0.0000510476,"R2_upper_bound":0.2559785104,"m":-0.1012371348,"m_lower_bound":-1.0191102384,"m_upper_bound":0.7960479312,"kendall_tau":-0.0504219484,"kendall_tau_lower_bound":-0.4144312328,"kendall_tau_upper_bound":0.3451327434},"Docking\/GAFF\/YANK_REF":{"sid":"REF2","RMSE":7.1773522581,"RMSE_lower_bound":5.6345430518,"RMSE_upper_bound":8.7062528113,"MAE":6.5733125,"MAE_lower_bound":5.1621855473,"MAE_upper_bound":8.0972947604,"ME":-6.5733125,"ME_lower_bound":-8.0941744515,"ME_upper_bound":-5.1587776134,"R2":0.11060092,"R2_lower_bound":0.0003785349,"R2_upper_bound":0.5861862397,"m":0.5658392764,"m_lower_bound":-0.5630768596,"m_upper_bound":1.5535707269,"kendall_tau":0.1166666667,"kendall_tau_lower_bound":-0.350877193,"kendall_tau_upper_bound":0.5575221239},"Docking\/GAFF\/YANK_REF_2":{"sid":"REF3","RMSE":7.2096015667,"RMSE_lower_bound":5.7310537217,"RMSE_upper_bound":8.7455987157,"MAE":6.629125,"MAE_lower_bound":5.258453983,"MAE_upper_bound":8.1264235131,"ME":-6.629125,"ME_lower_bound":-8.1217222275,"ME_upper_bound":-5.2576404084,"R2":0.1164007833,"R2_lower_bound":0.0003320621,"R2_upper_bound":0.5892956387,"m":0.5727092213,"m_lower_bound":-0.550388076,"m_upper_bound":1.5379514076,"kendall_tau":0.1166666667,"kendall_tau_lower_bound":-0.3394495413,"kendall_tau_upper_bound":0.5660377358}}