{"AMOEBA\/DDM\/BAR":{"sid":"29","RMSE":0.8184970983,"RMSE_lower_bound":0.5253587938,"RMSE_upper_bound":2.0959198535,"MAE":0.68125,"MAE_lower_bound":0.4182234218,"MAE_upper_bound":1.8243346235,"ME":0.00875,"ME_lower_bound":-1.0787729887,"ME_upper_bound":1.1083585538,"R2":0.7836899409,"R2_lower_bound":0.0785494358,"R2_upper_bound":0.977961607,"m":1.1549035534,"m_lower_bound":0.2917023686,"m_upper_bound":2.0415143549,"kendall_tau":0.6910233191,"kendall_tau_lower_bound":-0.0833333333,"kendall_tau_upper_bound":1.0},"xtb-GNF\/Machine Learning\/CORINA MD":{"sid":"28","RMSE":0.850382267,"RMSE_lower_bound":0.4850657197,"RMSE_upper_bound":2.0825163247,"MAE":0.5375,"MAE_lower_bound":0.3871455272,"MAE_upper_bound":1.7495135487,"ME":-0.135,"ME_lower_bound":-1.2227710327,"ME_upper_bound":0.9064990111,"R2":0.6376479886,"R2_lower_bound":0.009633856,"R2_upper_bound":0.9736617268,"m":0.8167735043,"m_lower_bound":-0.0356146043,"m_upper_bound":1.8866934739,"kendall_tau":0.7637626158,"kendall_tau_lower_bound":-0.2380952381,"kendall_tau_upper_bound":1.0},"RESP\/GAFF\/MMPBSA-Cor":{"sid":"20","RMSE":1.5492377158,"RMSE_lower_bound":0.8543740955,"RMSE_upper_bound":2.7948868395,"MAE":1.27875,"MAE_lower_bound":0.6719602065,"MAE_upper_bound":2.4801179176,"ME":1.02625,"ME_lower_bound":-0.2321240785,"ME_upper_bound":2.2648396558,"R2":0.262940471,"R2_lower_bound":0.0005621364,"R2_upper_bound":0.8992988673,"m":0.3792625278,"m_lower_bound":-0.5892118368,"m_upper_bound":1.2369883022,"kendall_tau":0.3273268354,"kendall_tau_lower_bound":-0.5384615385,"kendall_tau_upper_bound":0.9393364366},"AMOEBA\/DDM\/BAR_2":{"sid":"30","RMSE":2.3191701102,"RMSE_lower_bound":1.1642358399,"RMSE_upper_bound":3.7550882037,"MAE":1.7575,"MAE_lower_bound":0.8747636471,"MAE_upper_bound":3.2510900385,"ME":-1.745,"ME_lower_bound":-3.1673244907,"ME_upper_bound":-0.3455390495,"R2":0.0019220028,"R2_lower_bound":0.0002645634,"R2_upper_bound":0.8356233437,"m":0.0285168599,"m_lower_bound":-0.8707866438,"m_upper_bound":0.9378001343,"kendall_tau":0.1091089451,"kendall_tau_lower_bound":-0.7391304348,"kendall_tau_upper_bound":0.8260869565},"AMOEBA\/DDM\/BAR_3":{"sid":"31","RMSE":2.3778404068,"RMSE_lower_bound":1.3067046273,"RMSE_upper_bound":3.7401502834,"MAE":1.8675,"MAE_lower_bound":0.9819963261,"MAE_upper_bound":3.341723184,"ME":1.705,"ME_lower_bound":0.2164667536,"ME_upper_bound":3.1739481204,"R2":0.3285183208,"R2_lower_bound":0.0015737393,"R2_upper_bound":0.8547416722,"m":0.8832469851,"m_lower_bound":-0.5550556614,"m_upper_bound":2.0812908468,"kendall_tau":0.3273268354,"kendall_tau_lower_bound":-0.4545454545,"kendall_tau_upper_bound":0.9591663047},"B2PLYPD3\/SMD_QZ-R":{"sid":"23","RMSE":2.9882645465,"RMSE_lower_bound":1.3915984104,"RMSE_upper_bound":4.6331530651,"MAE":2.2225,"MAE_lower_bound":1.0096323745,"MAE_upper_bound":4.0209446425,"ME":0.3925,"ME_lower_bound":-1.9316408632,"ME_upper_bound":2.6048732451,"R2":0.0934454222,"R2_lower_bound":0.0007536812,"R2_upper_bound":0.7958555983,"m":0.7222149046,"m_lower_bound":-1.2119515141,"m_upper_bound":2.8555084308,"kendall_tau":0.0769800359,"kendall_tau_lower_bound":-0.68,"kendall_tau_upper_bound":0.7391304348},"RESP\/GAFF\/MMPBSA\/Nmode":{"sid":"18","RMSE":4.1515750023,"RMSE_lower_bound":3.0503714662,"RMSE_upper_bound":5.4602916397,"MAE":3.9775,"MAE_lower_bound":2.7450008921,"MAE_upper_bound":5.2487829749,"ME":-3.9775,"ME_lower_bound":-5.2465563946,"ME_upper_bound":-2.7194178416,"R2":0.4105211824,"R2_lower_bound":0.0018788415,"R2_upper_bound":0.929579946,"m":0.7237003864,"m_lower_bound":-0.4019088393,"m_upper_bound":1.7785158553,"kendall_tau":0.5455447256,"kendall_tau_lower_bound":-0.3636363636,"kendall_tau_upper_bound":1.0},"FSDAM\/GAFF2\/OPC3":{"sid":"14","RMSE":4.3097824771,"RMSE_lower_bound":2.2698914719,"RMSE_upper_bound":8.5492174566,"MAE":3.985,"MAE_lower_bound":1.8395782447,"MAE_upper_bound":7.3075117515,"ME":-1.295,"ME_lower_bound":-5.6768661296,"ME_upper_bound":2.4911182645,"R2":0.1616957937,"R2_lower_bound":0.0005859429,"R2_upper_bound":0.8791671028,"m":1.3716192483,"m_lower_bound":-1.9626231451,"m_upper_bound":5.1357918768,"kendall_tau":0.3703703704,"kendall_tau_lower_bound":-0.5222329679,"kendall_tau_upper_bound":0.9797958971},"B2PLYPD3\/SMD_DZ":{"sid":"21","RMSE":5.7495630269,"RMSE_lower_bound":3.6434583039,"RMSE_upper_bound":7.7288623224,"MAE":5.0475,"MAE_lower_bound":3.0596795636,"MAE_upper_bound":7.2056030025,"ME":3.705,"ME_lower_bound":0.3771017584,"ME_upper_bound":6.6444776835,"R2":0.056193489,"R2_lower_bound":0.0005648923,"R2_upper_bound":0.7144564906,"m":0.8196493385,"m_lower_bound":-1.670424163,"m_upper_bound":3.7708685157,"kendall_tau":0.0740740741,"kendall_tau_lower_bound":-0.652173913,"kendall_tau_upper_bound":0.652173913},"B2PLYPD3\/SMD_TZ":{"sid":"22","RMSE":7.6876182918,"RMSE_lower_bound":2.5443337243,"RMSE_upper_bound":12.1957862552,"MAE":5.085,"MAE_lower_bound":1.8420476345,"MAE_upper_bound":9.6495550123,"ME":2.655,"ME_lower_bound":-2.0514360087,"ME_upper_bound":8.0740179793,"R2":0.1080021128,"R2_lower_bound":0.0008209948,"R2_upper_bound":0.7326591902,"m":1.8953430512,"m_lower_bound":-1.497477535,"m_upper_bound":8.7356741429,"kendall_tau":0.1818482419,"kendall_tau_lower_bound":-0.5099019514,"kendall_tau_upper_bound":0.8095238095},"B2PLYPD3\/SMD_QZ-NR":{"sid":"24","RMSE":8.078906176,"RMSE_lower_bound":2.2339975584,"RMSE_upper_bound":13.1413059328,"MAE":5.135,"MAE_lower_bound":1.634358814,"MAE_upper_bound":10.1112320691,"ME":2.355,"ME_lower_bound":-2.5292535469,"ME_upper_bound":8.384339122,"R2":0.0966308499,"R2_lower_bound":0.0006743344,"R2_upper_bound":0.6974469224,"m":1.9107832806,"m_lower_bound":-1.5810076139,"m_upper_bound":9.3417243397,"kendall_tau":0.2309401077,"kendall_tau_lower_bound":-0.5,"kendall_tau_upper_bound":0.7647058824},"RESP\/GAFF\/MMPBSA":{"sid":"19","RMSE":9.4969119981,"RMSE_lower_bound":7.9605374796,"RMSE_upper_bound":11.024678224,"MAE":9.31375,"MAE_lower_bound":7.6786047471,"MAE_upper_bound":10.8979915696,"ME":9.31375,"ME_lower_bound":7.6786047471,"ME_upper_bound":10.8979915696,"R2":0.2648352125,"R2_lower_bound":0.0013154582,"R2_upper_bound":0.8981685475,"m":0.847474681,"m_lower_bound":-0.5334274737,"m_upper_bound":2.0094230793,"kendall_tau":0.3273268354,"kendall_tau_lower_bound":-0.3530090432,"kendall_tau_upper_bound":0.9574271078},"AM1-BCC\/GAFF\/MMPBSA":{"sid":"17","RMSE":11.1796925271,"RMSE_lower_bound":8.983511426,"RMSE_upper_bound":13.0487931869,"MAE":10.7725,"MAE_lower_bound":8.3677143366,"MAE_upper_bound":12.8458971202,"ME":10.7725,"ME_lower_bound":8.3677143366,"ME_upper_bound":12.8458971202,"R2":0.1719933173,"R2_lower_bound":0.000572299,"R2_upper_bound":0.8140729692,"m":1.0423984311,"m_lower_bound":-1.2143051186,"m_upper_bound":2.6167733203,"kendall_tau":0.2545875386,"kendall_tau_lower_bound":-0.4187178947,"kendall_tau_upper_bound":0.9090909091},"RESP\/GAFF\/MMGBSA":{"sid":"16","RMSE":11.708398695,"RMSE_lower_bound":9.6008898876,"RMSE_upper_bound":13.7175607069,"MAE":11.3525,"MAE_lower_bound":9.1246860925,"MAE_upper_bound":13.4873991446,"ME":11.3525,"ME_lower_bound":9.1246860925,"ME_upper_bound":13.4873991446,"R2":0.0373712545,"R2_lower_bound":0.0001766072,"R2_upper_bound":0.6825735822,"m":0.4162934668,"m_lower_bound":-1.4691259366,"m_upper_bound":1.9744009055,"kendall_tau":0.0363696484,"kendall_tau_lower_bound":-0.5652173913,"kendall_tau_upper_bound":0.7833494518},"Docking\/GAFF\/YANK_REF":{"sid":"REF4","RMSE":null,"RMSE_lower_bound":null,"RMSE_upper_bound":null,"MAE":null,"MAE_lower_bound":null,"MAE_upper_bound":null,"ME":null,"ME_lower_bound":null,"ME_upper_bound":null,"R2":null,"R2_lower_bound":null,"R2_upper_bound":null,"m":null,"m_lower_bound":null,"m_upper_bound":null,"kendall_tau":null,"kendall_tau_lower_bound":null,"kendall_tau_upper_bound":null}}