ID,sid,RMSE,RMSE_lower_bound,RMSE_upper_bound,MAE,MAE_lower_bound,MAE_upper_bound,ME,ME_lower_bound,ME_upper_bound,R2,R2_lower_bound,R2_upper_bound,m,m_lower_bound,m_upper_bound,kendall_tau,kendall_tau_lower_bound,kendall_tau_upper_bound
AMOEBA/DDM/BAR,29,0.8184970983454981,0.5199847096498291,2.0906690921462725,0.68125,0.4150426474097204,1.8316191974052267,0.008749999999999925,-1.0852199078940126,1.0967289475484745,0.7836899408914194,0.07006482200089172,0.9757264647716101,1.1549035534480736,0.2595364443988801,2.047833859567145,0.6910233190806425,-0.08333333333333336,1.0
xtb-GNF/Machine Learning/CORINA MD,28,0.8503822669835019,0.4684909451335809,2.0888744668776846,0.5375000000000001,0.3783674626411536,1.7426131407363075,-0.135,-1.2202609276634426,0.9220094135948219,0.6376479886026335,0.014610514988268777,0.9741291538001029,0.8167735042735041,-0.04668915788178068,1.8677393529401962,0.7637626158259734,-0.25000000000000006,1.0
RESP/GAFF/MMPBSA-Cor,20,1.549237715781539,0.843578998037692,2.8046503676358108,1.27875,0.6556878580185631,2.4803241223624495,1.02625,-0.23165136722693613,2.2678776528774205,0.26294047099276974,0.0006556729634707916,0.8981043568858893,0.37926252780704844,-0.5611556876516204,1.230329346433803,0.32732683535398854,-0.5421374765483944,0.959166304662544
B2PLYPD3/SMD_QZ-R,23,2.988264546521944,1.4035846199930648,4.618536523651403,2.2225,1.0061264277766295,4.042520593061633,0.39250000000000007,-1.863598426857184,2.6084177536800026,0.09344542222744567,0.0006082333623482471,0.8041715116166576,0.7222149045779186,-1.30519453440129,2.944343262610741,0.0769800358919501,-0.6842105263157894,0.7419408268023742
