{"AMOEBA\/DDM\/BAR":{"sid":"29","RMSE":0.8184970983,"RMSE_lower_bound":0.5199847096,"RMSE_upper_bound":2.0906690921,"MAE":0.68125,"MAE_lower_bound":0.4150426474,"MAE_upper_bound":1.8316191974,"ME":0.00875,"ME_lower_bound":-1.0852199079,"ME_upper_bound":1.0967289475,"R2":0.7836899409,"R2_lower_bound":0.070064822,"R2_upper_bound":0.9757264648,"m":1.1549035534,"m_lower_bound":0.2595364444,"m_upper_bound":2.0478338596,"kendall_tau":0.6910233191,"kendall_tau_lower_bound":-0.0833333333,"kendall_tau_upper_bound":1.0},"xtb-GNF\/Machine Learning\/CORINA MD":{"sid":"28","RMSE":0.850382267,"RMSE_lower_bound":0.4684909451,"RMSE_upper_bound":2.0888744669,"MAE":0.5375,"MAE_lower_bound":0.3783674626,"MAE_upper_bound":1.7426131407,"ME":-0.135,"ME_lower_bound":-1.2202609277,"ME_upper_bound":0.9220094136,"R2":0.6376479886,"R2_lower_bound":0.014610515,"R2_upper_bound":0.9741291538,"m":0.8167735043,"m_lower_bound":-0.0466891579,"m_upper_bound":1.8677393529,"kendall_tau":0.7637626158,"kendall_tau_lower_bound":-0.25,"kendall_tau_upper_bound":1.0},"RESP\/GAFF\/MMPBSA-Cor":{"sid":"20","RMSE":1.5492377158,"RMSE_lower_bound":0.843578998,"RMSE_upper_bound":2.8046503676,"MAE":1.27875,"MAE_lower_bound":0.655687858,"MAE_upper_bound":2.4803241224,"ME":1.02625,"ME_lower_bound":-0.2316513672,"ME_upper_bound":2.2678776529,"R2":0.262940471,"R2_lower_bound":0.000655673,"R2_upper_bound":0.8981043569,"m":0.3792625278,"m_lower_bound":-0.5611556877,"m_upper_bound":1.2303293464,"kendall_tau":0.3273268354,"kendall_tau_lower_bound":-0.5421374765,"kendall_tau_upper_bound":0.9591663047},"B2PLYPD3\/SMD_QZ-R":{"sid":"23","RMSE":2.9882645465,"RMSE_lower_bound":1.40358462,"RMSE_upper_bound":4.6185365237,"MAE":2.2225,"MAE_lower_bound":1.0061264278,"MAE_upper_bound":4.0425205931,"ME":0.3925,"ME_lower_bound":-1.8635984269,"ME_upper_bound":2.6084177537,"R2":0.0934454222,"R2_lower_bound":0.0006082334,"R2_upper_bound":0.8041715116,"m":0.7222149046,"m_lower_bound":-1.3051945344,"m_upper_bound":2.9443432626,"kendall_tau":0.0769800359,"kendall_tau_lower_bound":-0.6842105263,"kendall_tau_upper_bound":0.7419408268}}