ID,sid,RMSE,RMSE_lower_bound,RMSE_upper_bound,MAE,MAE_lower_bound,MAE_upper_bound,ME,ME_lower_bound,ME_upper_bound,R2,R2_lower_bound,R2_upper_bound,m,m_lower_bound,m_upper_bound,kendall_tau,kendall_tau_lower_bound,kendall_tau_upper_bound
AMOEBA/DDM/BAR,29,1.2671396360081462,0.5488494022112977,2.6826923705535997,0.91,0.4461093826528614,2.2768081141720007,-0.6614285714285716,-1.9813105087600038,0.6189082547998691,0.806459627109388,0.3040649802189032,0.9937420739764924,1.0548862020384457,0.45521829476393505,2.109893487462385,0.7142857142857143,0.05263157894736841,1.0
RESP/GAFF/MMPBSA-Cor,20,1.3237878552526023,0.6718971885943269,2.650629107430467,1.0299999999999998,0.5335145146088365,2.3461928279538156,1.0099999999999998,-0.19265282250276286,2.226339719562509,0.9496380410947637,0.05186492858960129,0.9915461513290144,0.6135540312664841,0.04657104086344129,1.1774580602819613,0.8095238095238096,-0.14285714285714288,1.0
xtb-GNF/Machine Learning/CORINA MD,28,2.4300558488585047,1.384729331462057,3.7329692322099466,2.108571428571429,1.091704480784865,3.4571348779741915,0.8228571428571427,-1.1042605938536318,2.7921881444186636,0.0007349454864756778,0.0003849029987454531,0.9266836392548601,0.013141095506492674,-0.8293034434599864,0.5740554913078897,0.04761904761904762,-0.7894736842105262,0.9999999999999999
B2PLYPD3/SMD_QZ-R,23,4.763583585015442,2.2454533917816457,6.856405886369702,3.8985714285714286,1.784363682568533,6.186007932601091,3.4957142857142856,0.8731275963135076,6.069799914600031,0.723770448114664,0.23058372762231988,0.9856049248854236,1.969682815134813,0.8355198223672343,3.7154689475683766,0.5855400437691199,-0.058823529411764705,1.0
