{"AMOEBA\/DDM\/BAR":{"sid":"29","RMSE":1.267139636,"RMSE_lower_bound":0.5488494022,"RMSE_upper_bound":2.6826923706,"MAE":0.91,"MAE_lower_bound":0.4461093827,"MAE_upper_bound":2.2768081142,"ME":-0.6614285714,"ME_lower_bound":-1.9813105088,"ME_upper_bound":0.6189082548,"R2":0.8064596271,"R2_lower_bound":0.3040649802,"R2_upper_bound":0.993742074,"m":1.054886202,"m_lower_bound":0.4552182948,"m_upper_bound":2.1098934875,"kendall_tau":0.7142857143,"kendall_tau_lower_bound":0.0526315789,"kendall_tau_upper_bound":1.0},"RESP\/GAFF\/MMPBSA-Cor":{"sid":"20","RMSE":1.3237878553,"RMSE_lower_bound":0.6718971886,"RMSE_upper_bound":2.6506291074,"MAE":1.03,"MAE_lower_bound":0.5335145146,"MAE_upper_bound":2.346192828,"ME":1.01,"ME_lower_bound":-0.1926528225,"ME_upper_bound":2.2263397196,"R2":0.9496380411,"R2_lower_bound":0.0518649286,"R2_upper_bound":0.9915461513,"m":0.6135540313,"m_lower_bound":0.0465710409,"m_upper_bound":1.1774580603,"kendall_tau":0.8095238095,"kendall_tau_lower_bound":-0.1428571429,"kendall_tau_upper_bound":1.0},"xtb-GNF\/Machine Learning\/CORINA MD":{"sid":"28","RMSE":2.4300558489,"RMSE_lower_bound":1.3847293315,"RMSE_upper_bound":3.7329692322,"MAE":2.1085714286,"MAE_lower_bound":1.0917044808,"MAE_upper_bound":3.457134878,"ME":0.8228571429,"ME_lower_bound":-1.1042605939,"ME_upper_bound":2.7921881444,"R2":0.0007349455,"R2_lower_bound":0.000384903,"R2_upper_bound":0.9266836393,"m":0.0131410955,"m_lower_bound":-0.8293034435,"m_upper_bound":0.5740554913,"kendall_tau":0.0476190476,"kendall_tau_lower_bound":-0.7894736842,"kendall_tau_upper_bound":1.0},"B2PLYPD3\/SMD_QZ-R":{"sid":"23","RMSE":4.763583585,"RMSE_lower_bound":2.2454533918,"RMSE_upper_bound":6.8564058864,"MAE":3.8985714286,"MAE_lower_bound":1.7843636826,"MAE_upper_bound":6.1860079326,"ME":3.4957142857,"ME_lower_bound":0.8731275963,"ME_upper_bound":6.0697999146,"R2":0.7237704481,"R2_lower_bound":0.2305837276,"R2_upper_bound":0.9856049249,"m":1.9696828151,"m_lower_bound":0.8355198224,"m_upper_bound":3.7154689476,"kendall_tau":0.5855400438,"kendall_tau_lower_bound":-0.0588235294,"kendall_tau_upper_bound":1.0}}