category,RMSE_mean,RMSE_std,MAE_mean,MAE_std,kendall_tau_mean,kendall_tau_std,R2_mean,R2_std,N
Physical (MM),1.7037295001406036,0.3258235078278532,1.3831818181818185,0.23873504453180577,0.3301398177161565,0.20886401617366043,0.27896691054543804,0.25165676906071904,3
Empirical,0.6931472069596204,0.08230793367595475,0.49109090909090913,0.056586436478969306,0.47440040371428616,0.0805078180789215,0.42475687035356335,0.05221963418211823,5
Physical (QM),1.4771604078391338,0.5787190424311891,1.233909090909091,0.5622775593236923,0.46611817589605603,0.05107974384043605,0.41894039689187557,0.08939084189704154,5
