ID,Sensitivity,Sensitivity_lower_bound,Sensitivity_upper_bound,Specificity,Specificity_lower_bound,Specificity_upper_bound,Precision,Precision_lower_bound,Precision_upper_bound,Balanced Accuracy,Balanced Accuracy_lower_bound,Balanced Accuracy_upper_bound,Accuracy,Accuracy_lower_bound,Accuracy_upper_bound,True Positive,True Positive_lower_bound,True Positive_upper_bound,False Negative,False Negative_lower_bound,False Negative_upper_bound,True Negative,True Negative_lower_bound,True Negative_upper_bound,False Positive,False Positive_lower_bound,False Positive_upper_bound
33,0.0,0.0,0.0,0.9155672823218998,0.8956406869220608,0.9352708058124174,0.0,0.0,0.0,0.4577836411609499,0.44854881266490765,0.930171277997365,0.9143610013175231,0.8945981554677207,0.9341238471673254,0,0.0,0.0,1,0.0,3.0,694,679.0,709.0,64,49.0,79.0
35,0.0,0.0,0.0,0.9868073878627969,0.9776021080368906,0.9947159841479525,0.0,0.0,0.0,0.49340369393139843,0.4894319682959049,0.9920948616600791,0.9855072463768116,0.9762845849802372,0.9934123847167325,0,0.0,0.0,1,0.0,3.0,748,741.0,754.0,10,4.0,17.0
37,0.0,0.0,0.0,1.0,1.0,1.0,0.0,0.0,0.0,0.5,0.5,1.0,0.9986824769433466,0.9960474308300395,1.0,0,0.0,0.0,1,0.0,3.0,758,756.0,759.0,0,0.0,0.0
38,0.0,0.0,0.0,0.866754617414248,0.841897233201581,0.8905013192612137,0.0,0.0,0.0,0.433377308707124,0.4226190476190476,0.8853754940711462,0.8656126482213439,0.8405797101449275,0.8893280632411067,0,0.0,0.0,1,0.0,3.0,657,638.0,675.0,101,83.0,120.0
43,0.0,0.0,0.0,0.9709762532981531,0.958994708994709,0.9828269484808454,0.0,0.0,0.0,0.48548812664907653,0.48018494055482164,0.9802371541501976,0.9696969696969697,0.9565217391304348,0.9815546772068511,0,0.0,0.0,1,0.0,3.0,736,726.0,745.0,22,13.0,31.0
44,0.0,0.0,0.0,1.0,1.0,1.0,0.0,0.0,0.0,0.5,0.5,1.0,0.9986824769433466,0.9960474308300395,1.0,0,0.0,0.0,1,0.0,3.0,758,756.0,759.0,0,0.0,0.0
52,0.0,0.0,0.0,1.0,1.0,1.0,0.0,0.0,0.0,0.5,0.5,1.0,0.9986824769433466,0.9960474308300395,1.0,0,0.0,0.0,1,0.0,3.0,758,756.0,759.0,0,0.0,0.0
55,0.0,0.0,0.0,0.9907651715039578,0.9828722002635046,0.9973579920739762,0.0,0.0,0.0,0.4953825857519789,0.4920844327176781,0.9960474308300395,0.9894598155467721,0.9815546772068511,0.9960474308300395,0,0.0,0.0,1,0.0,3.0,751,745.0,756.0,7,2.0,13.0
56,0.0,0.0,0.0,0.9894459102902374,0.9815546772068511,0.9960474308300395,0.0,0.0,0.0,0.4947229551451187,0.4914134742404227,0.994729907773386,0.9881422924901185,0.9802371541501976,0.994729907773386,0,0.0,0.0,1,0.0,3.0,750,744.0,755.0,8,3.0,14.0
