{"5W956":{"name":"TFE-prediction-method-MLR","category":"Empirical","reassigned_category":"Empirical","type":"Standard","RMSE":0.5780099087,"RMSE_lower_bound":0.3349219719,"RMSE_upper_bound":0.8220816151,"MAE":0.4122727273,"MAE_lower_bound":0.2613636364,"MAE_upper_bound":0.595,"ME":-0.0395454545,"ME_lower_bound":-0.3,"ME_upper_bound":0.1872727273,"R2":0.4294209327,"R2_lower_bound":0.06942003,"R2_upper_bound":0.7992550034,"m":0.6046925625,"m_lower_bound":0.2236463285,"m_upper_bound":0.9605151604,"kendall_tau":0.5608748665,"kendall_tau_lower_bound":0.2398288255,"kendall_tau_upper_bound":0.8248847926,"ES":0.7063277822,"ES_lower_bound":0.1337957003,"ES_upper_bound":0.5370239628},"HC032":{"name":"Chemprop","category":"Empirical","reassigned_category":"Empirical","type":"Standard","RMSE":0.6560591714,"RMSE_lower_bound":0.3907393923,"RMSE_upper_bound":0.8771778093,"MAE":0.4759090909,"MAE_lower_bound":0.3013636364,"MAE_upper_bound":0.6768181818,"ME":-0.1659090909,"ME_lower_bound":-0.4445454545,"ME_upper_bound":0.0845454545,"R2":0.4088514795,"R2_lower_bound":0.1063097438,"R2_upper_bound":0.7623817899,"m":0.6852287095,"m_lower_bound":0.3136953833,"m_upper_bound":1.0721175005,"kendall_tau":0.5411255411,"kendall_tau_lower_bound":0.25,"kendall_tau_upper_bound":0.8198198198,"ES":0.4564004596,"ES_lower_bound":0.0522446945,"ES_upper_bound":0.4090701441},"00EDA":{"name":"ffsampled_deeplearning_cl1","category":"Empirical","reassigned_category":"Empirical","type":"Standard","RMSE":0.7688982673,"RMSE_lower_bound":0.4416446535,"RMSE_upper_bound":1.028679648,"MAE":0.5113636364,"MAE_lower_bound":0.2895454545,"MAE_upper_bound":0.7586363636,"ME":-0.2495454545,"ME_lower_bound":-0.5677272727,"ME_upper_bound":0.0327272727,"R2":0.3086276134,"R2_lower_bound":0.052000153,"R2_upper_bound":0.694698497,"m":0.6277592015,"m_lower_bound":0.2391827742,"m_upper_bound":1.0475559682,"kendall_tau":0.4199134199,"kendall_tau_lower_bound":0.0630630631,"kendall_tau_upper_bound":0.7431192661,"ES":0.4077273419,"ES_lower_bound":0.0423467198,"ES_upper_bound":0.404543378},"43M66":{"name":"ClassicalGSG","category":"Empirical","reassigned_category":"Empirical","type":"Standard","RMSE":0.7749956012,"RMSE_lower_bound":0.5712068563,"RMSE_upper_bound":0.959969223,"MAE":0.6163636364,"MAE_lower_bound":0.4272727273,"MAE_upper_bound":0.8186363636,"ME":-0.1472727273,"ME_lower_bound":-0.4822727273,"ME_upper_bound":0.1577272727,"R2":0.5125229592,"R2_lower_bound":0.1907459823,"R2_upper_bound":0.7789593613,"m":1.0809518699,"m_lower_bound":0.560360028,"m_upper_bound":1.5673991285,"kendall_tau":0.4805194805,"kendall_tau_lower_bound":0.1659192825,"kendall_tau_upper_bound":0.7442922374,"ES":0.2071376165,"ES_lower_bound":0.0054404253,"ES_upper_bound":0.2508271384},"0680E":{"name":"TFE-prediction-Attentive FP","category":"Empirical","reassigned_category":"Empirical","type":"Standard","RMSE":0.7907821215,"RMSE_lower_bound":0.4690318849,"RMSE_upper_bound":1.0683653614,"MAE":0.5681818182,"MAE_lower_bound":0.3572727273,"MAE_upper_bound":0.82,"ME":-0.1827272727,"ME_lower_bound":-0.5313636364,"ME_upper_bound":0.1190909091,"R2":0.1901477519,"R2_lower_bound":0.0056364469,"R2_upper_bound":0.615481837,"m":0.4418548425,"m_lower_bound":0.0409159024,"m_upper_bound":0.8730534032,"kendall_tau":0.3383955901,"kendall_tau_lower_bound":-0.0269663602,"kendall_tau_upper_bound":0.6866359447,"ES":0.3751401636,"ES_lower_bound":0.0431911624,"ES_upper_bound":0.3513019644},"0357F":{"name":"TFE-prediction-method-IEFPCM\/MST","category":"Physical (QM)","reassigned_category":"Physical (QM)","type":"Standard","RMSE":1.0283570303,"RMSE_lower_bound":0.6495278005,"RMSE_upper_bound":1.4093422063,"MAE":0.7990909091,"MAE_lower_bound":0.5581818182,"MAE_upper_bound":1.1,"ME":-0.0672727273,"ME_lower_bound":-0.5236363636,"ME_upper_bound":0.3418181818,"R2":0.2657619023,"R2_lower_bound":0.0108024687,"R2_upper_bound":0.6926201551,"m":0.8533399668,"m_lower_bound":0.1485428763,"m_upper_bound":1.5008262537,"kendall_tau":0.4217431167,"kendall_tau_lower_bound":0.0925925926,"kendall_tau_upper_bound":0.7097452485,"ES":0.5149438653,"ES_lower_bound":0.0955466035,"ES_upper_bound":0.4150643022},"063A2":{"name":"COSMO-RS","category":"Physical (QM)","reassigned_category":"Physical (QM)","type":"Standard","RMSE":1.332395314,"RMSE_lower_bound":0.9888859664,"RMSE_upper_bound":1.6426987219,"MAE":1.1231818182,"MAE_lower_bound":0.835,"MAE_upper_bound":1.4377272727,"ME":-1.1231818182,"ME_lower_bound":-1.4368181818,"ME_upper_bound":-0.8340909091,"R2":0.4860118975,"R2_lower_bound":0.1689912563,"R2_upper_bound":0.7957324943,"m":0.9680224474,"m_lower_bound":0.4944961865,"m_upper_bound":1.4421561364,"kendall_tau":0.5292854101,"kendall_tau_lower_bound":0.247706422,"kendall_tau_upper_bound":0.7808219178,"ES":0.2688372994,"ES_lower_bound":0.0171518751,"ES_upper_bound":0.2921771391},"07B59":{"name":"NES-1","category":"Physical (MM)","reassigned_category":"Physical (MM)","type":"Standard","RMSE":1.4237418688,"RMSE_lower_bound":1.0107063237,"RMSE_upper_bound":1.7973907857,"MAE":1.1340909091,"MAE_lower_bound":0.7895454545,"MAE_upper_bound":1.5004545455,"ME":-0.5068181818,"ME_lower_bound":-1.0609090909,"ME_upper_bound":0.0513636364,"R2":0.2654940429,"R2_lower_bound":0.0262330949,"R2_upper_bound":0.6578596644,"m":1.1095948616,"m_lower_bound":0.3129259729,"m_upper_bound":1.9309478905,"kendall_tau":0.3593073593,"kendall_tau_lower_bound":0.0642201835,"kendall_tau_upper_bound":0.6454545455,"ES":0.488170882,"ES_lower_bound":0.0883203898,"ES_upper_bound":0.4125448178},"0T68C":{"name":"SAMPL7_logP_MDPOW_CGenFF","category":"Physical (MM)","reassigned_category":"Physical (MM)","type":"Standard","RMSE":1.6260856513,"RMSE_lower_bound":1.2445024563,"RMSE_upper_bound":1.9855649528,"MAE":1.4054545455,"MAE_lower_bound":1.0781818182,"MAE_upper_bound":1.7677272727,"ME":-1.3763636364,"ME_lower_bound":-1.75,"ME_upper_bound":-1.0204545455,"R2":0.5370894832,"R2_lower_bound":0.2531448145,"R2_upper_bound":0.8166098414,"m":1.2644021868,"m_lower_bound":0.8001733251,"m_upper_bound":1.7720384867,"kendall_tau":0.5228869856,"kendall_tau_lower_bound":0.2593037253,"kendall_tau_upper_bound":0.7614678899,"ES":0.4577709484,"ES_lower_bound":0.0666694353,"ES_upper_bound":0.417210017},"047D4":{"name":"EC_RISM_wet","category":"Physical (QM)","reassigned_category":"Physical (QM)","type":"Standard","RMSE":1.8392673937,"RMSE_lower_bound":1.3104995578,"RMSE_upper_bound":2.3513593747,"MAE":1.4877272727,"MAE_lower_bound":1.0663636364,"MAE_upper_bound":1.9559090909,"ME":-1.4877272727,"ME_lower_bound":-1.9554545455,"ME_upper_bound":-1.0659090909,"R2":0.2893793517,"R2_lower_bound":0.0489603852,"R2_upper_bound":0.6691670871,"m":0.9586379608,"m_lower_bound":0.3695925882,"m_upper_bound":1.5462416091,"kendall_tau":0.3782644449,"kendall_tau_lower_bound":0.0810810811,"kendall_tau_upper_bound":0.6666666667,"ES":0.342539142,"ES_lower_bound":0.0247795451,"ES_upper_bound":0.3558564171},"08F3F":{"name":"MD-EE-MCC (GAFF-TIP4P-Ew)","category":"Physical (MM)","reassigned_category":"Physical (MM)","type":"Standard","RMSE":2.0613609803,"RMSE_lower_bound":1.4855837543,"RMSE_upper_bound":2.5858416952,"MAE":1.61,"MAE_lower_bound":1.085,"MAE_upper_bound":2.1763636364,"ME":-0.9263636364,"ME_lower_bound":-1.7190909091,"ME_upper_bound":-0.1722727273,"R2":0.0343172055,"R2_lower_bound":0.000102469,"R2_upper_bound":0.2740133911,"m":0.4720087198,"m_lower_bound":-0.5022260541,"m_upper_bound":1.4851563169,"kendall_tau":0.1082251082,"kendall_tau_lower_bound":-0.1559633028,"kendall_tau_upper_bound":0.3811659193,"ES":0.3515373008,"ES_lower_bound":0.0122098094,"ES_upper_bound":0.3657959218},"08DA5":{"name":"TFE-prediction-solvation-b3lypd3","category":"Physical (QM)","reassigned_category":"Physical (QM)","type":"Standard","RMSE":2.1906951989,"RMSE_lower_bound":1.7843906523,"RMSE_upper_bound":2.5792017793,"MAE":1.9781818182,"MAE_lower_bound":1.5959090909,"MAE_upper_bound":2.3809090909,"ME":1.9781818182,"ME_lower_bound":1.5959090909,"ME_upper_bound":2.3809090909,