category,RMSE_mean,RMSE_std,MAE_mean,MAE_std,kendall_tau_mean,kendall_tau_std,R2_mean,R2_std,N
Physical (MM) + QM+LEC,2.2724266164769165,,2.130454545454546,,0.6190476190476191,,0.6178907028584649,,1
Empirical,1.3234439982825277,0.3783170429702209,1.1306818181818183,0.31144839589534734,0.3073593073593073,,0.13337383518962065,0.18861908659087548,2
Physical (QM),2.489020110938626,1.276316511078489,1.8766363636363637,0.7492660044700717,0.31411609956052133,0.43679829919863183,0.4134684996270937,0.13075885014315547,5
