{"sga28":{"name":"Xiaoyu Ding","category":"Empirical","type":"Standard","RMSE":0.3026983908,"RMSE_lower_bound":0.202081276,"RMSE_upper_bound":0.3913606494,"MAE":0.2321052632,"MAE_lower_bound":0.1484210526,"MAE_upper_bound":0.3226315789,"ME":-0.0794736842,"ME_lower_bound":-0.2121052632,"ME_upper_bound":0.0478947368,"R2":0.2462525297,"R2_lower_bound":0.0143145113,"R2_upper_bound":0.5858068727,"m":0.1135137018,"m_lower_bound":0.0262819913,"m_upper_bound":0.2097478524,"kendall_tau":0.2523080038,"kendall_tau_lower_bound":-0.108315415,"kendall_tau_upper_bound":0.5559814861,"ES":1.3192597758,"ES_lower_bound":1.2080177603,"ES_upper_bound":1.4136872561},"qwo91":{"name":"Xiaoyu Ding","category":"Empirical","type":"Standard","RMSE":0.5495883627,"RMSE_lower_bound":0.4214323945,"RMSE_upper_bound":0.6592060615,"MAE":0.4678947368,"MAE_lower_bound":0.3410526316,"MAE_upper_bound":0.5984210526,"ME":0.3542105263,"ME_lower_bound":0.1636842105,"ME_upper_bound":0.5394736842,"R2":0.0562501976,"R2_lower_bound":0.0001724958,"R2_upper_bound":0.2835013202,"m":0.2636254495,"m_lower_bound":-0.1244712653,"m_upper_bound":0.7082242788,"kendall_tau":0.1235294118,"kendall_tau_lower_bound":-0.1800040001,"kendall_tau_upper_bound":0.4086706892,"ES":1.0330760661,"ES_lower_bound":0.8510334768,"ES_upper_bound":1.2028082999}}