ID,sid,RMSE,RMSE_lower_bound,RMSE_upper_bound,MAE,MAE_lower_bound,MAE_upper_bound,ME,ME_lower_bound,ME_upper_bound,R2,R2_lower_bound,R2_upper_bound,m,m_lower_bound,m_upper_bound,kendall_tau,kendall_tau_lower_bound,kendall_tau_upper_bound
AMOEBA/DDM/BAR,29,0.8184970983454981,0.5332870601371712,2.070077933540556,0.68125,0.4189335591026362,1.8249057135766098,0.008749999999999925,-1.069140135083403,1.1237731482291038,0.7836899408914194,0.0677987300474941,0.976561022325147,1.1549035534480736,0.26708626082306736,2.0602219828518527,0.6910233190806425,-0.08333333333333336,1.0
xtb-GNF/Machine Learning/CORINA MD,28,0.8503822669835019,0.4747091690195685,2.090580280399496,0.5375000000000001,0.3742650472857313,1.7788773245449092,-0.135,-1.2033993297333987,0.9176408820710723,0.6376479886026335,0.011685004676719716,0.9736487934564736,0.8167735042735041,-0.03137108352305722,1.8573347641116555,0.7637626158259734,-0.22271770159368703,1.0
RESP/GAFF/MMPBSA-Cor,20,1.549237715781539,0.8642466293953096,2.8232104921333145,1.27875,0.6781973558351574,2.4900491186673888,1.02625,-0.22274292535800888,2.275509528661139,0.26294047099276974,0.0006220381811487203,0.9083118978935396,0.37926252780704844,-0.5462285074435034,1.2183812213683427,0.32732683535398854,-0.52,0.960768922830523
B2PLYPD3/SMD,23,2.988264546521944,1.413423092264174,4.611640442956065,2.2225,1.0413932702638324,4.008628951643784,0.39250000000000007,-1.93220039246719,2.5970257283000278,0.09344542222744567,0.000703482788793267,0.7775792487598345,0.7222149045779186,-1.19206018794112,2.782519363617931,0.0769800358919501,-0.6799999999999999,0.7272727272727272
