{"AMOEBA\/DDM\/BAR":{"sid":"29","RMSE":0.8184970983,"RMSE_lower_bound":0.5331153813,"RMSE_upper_bound":2.1125873341,"MAE":0.68125,"MAE_lower_bound":0.4285410852,"MAE_upper_bound":1.8479122107,"ME":0.00875,"ME_lower_bound":-1.0942731156,"ME_upper_bound":1.1596433481,"R2":0.7836899409,"R2_lower_bound":0.0677292744,"R2_upper_bound":0.9767715305,"m":1.1549035534,"m_lower_bound":0.274338622,"m_upper_bound":2.0683989035,"kendall_tau":0.6910233191,"kendall_tau_lower_bound":-0.0816496581,"kendall_tau_upper_bound":1.0},"xtb-GNF\/Machine Learning\/CORINA MD":{"sid":"28","RMSE":0.850382267,"RMSE_lower_bound":0.4781642164,"RMSE_upper_bound":2.0510417862,"MAE":0.5375,"MAE_lower_bound":0.3791006519,"MAE_upper_bound":1.7423177443,"ME":-0.135,"ME_lower_bound":-1.1626617666,"ME_upper_bound":0.8951484006,"R2":0.6376479886,"R2_lower_bound":0.0136284398,"R2_upper_bound":0.9722793122,"m":0.8167735043,"m_lower_bound":-0.0315364931,"m_upper_bound":1.8741213788,"kendall_tau":0.7637626158,"kendall_tau_lower_bound":-0.1818181818,"kendall_tau_upper_bound":1.0},"RESP\/GAFF\/MMPBSA-Cor":{"sid":"20","RMSE":1.5492377158,"RMSE_lower_bound":0.8536223109,"RMSE_upper_bound":2.8160688155,"MAE":1.27875,"MAE_lower_bound":0.6743001584,"MAE_upper_bound":2.4986283343,"ME":1.02625,"ME_lower_bound":-0.203701302,"ME_upper_bound":2.2639814612,"R2":0.262940471,"R2_lower_bound":0.0006634087,"R2_upper_bound":0.9044238799,"m":0.3792625278,"m_lower_bound":-0.6037619693,"m_upper_bound":1.2377667114,"kendall_tau":0.3273268354,"kendall_tau_lower_bound":-0.5604485383,"kendall_tau_upper_bound":0.9574271078},"B2PLYPD3\/SMD":{"sid":"23","RMSE":2.9882645465,"RMSE_lower_bound":1.3970350356,"RMSE_upper_bound":4.5940007781,"MAE":2.2225,"MAE_lower_bound":1.0187476946,"MAE_upper_bound":3.9739265104,"ME":0.3925,"ME_lower_bound":-1.8724635535,"ME_upper_bound":2.6190166852,"R2":0.0934454222,"R2_lower_bound":0.0007114246,"R2_upper_bound":0.7982723475,"m":0.7222149046,"m_lower_bound":-1.1632010394,"m_upper_bound":2.8857680625,"kendall_tau":0.0769800359,"kendall_tau_lower_bound":-0.68,"kendall_tau_upper_bound":0.7391304348}}