{"AMOEBA\/DDM\/BAR":{"sid":"29","RMSE":0.8184970983,"RMSE_lower_bound":0.5332870601,"RMSE_upper_bound":2.0700779335,"MAE":0.68125,"MAE_lower_bound":0.4189335591,"MAE_upper_bound":1.8249057136,"ME":0.00875,"ME_lower_bound":-1.0691401351,"ME_upper_bound":1.1237731482,"R2":0.7836899409,"R2_lower_bound":0.06779873,"R2_upper_bound":0.9765610223,"m":1.1549035534,"m_lower_bound":0.2670862608,"m_upper_bound":2.0602219829,"kendall_tau":0.6910233191,"kendall_tau_lower_bound":-0.0833333333,"kendall_tau_upper_bound":1.0},"xtb-GNF\/Machine Learning\/CORINA MD":{"sid":"28","RMSE":0.850382267,"RMSE_lower_bound":0.474709169,"RMSE_upper_bound":2.0905802804,"MAE":0.5375,"MAE_lower_bound":0.3742650473,"MAE_upper_bound":1.7788773245,"ME":-0.135,"ME_lower_bound":-1.2033993297,"ME_upper_bound":0.9176408821,"R2":0.6376479886,"R2_lower_bound":0.0116850047,"R2_upper_bound":0.9736487935,"m":0.8167735043,"m_lower_bound":-0.0313710835,"m_upper_bound":1.8573347641,"kendall_tau":0.7637626158,"kendall_tau_lower_bound":-0.2227177016,"kendall_tau_upper_bound":1.0},"RESP\/GAFF\/MMPBSA-Cor":{"sid":"20","RMSE":1.5492377158,"RMSE_lower_bound":0.8642466294,"RMSE_upper_bound":2.8232104921,"MAE":1.27875,"MAE_lower_bound":0.6781973558,"MAE_upper_bound":2.4900491187,"ME":1.02625,"ME_lower_bound":-0.2227429254,"ME_upper_bound":2.2755095287,"R2":0.262940471,"R2_lower_bound":0.0006220382,"R2_upper_bound":0.9083118979,"m":0.3792625278,"m_lower_bound":-0.5462285074,"m_upper_bound":1.2183812214,"kendall_tau":0.3273268354,"kendall_tau_lower_bound":-0.52,"kendall_tau_upper_bound":0.9607689228},"B2PLYPD3\/SMD":{"sid":"23","RMSE":2.9882645465,"RMSE_lower_bound":1.4134230923,"RMSE_upper_bound":4.611640443,"MAE":2.2225,"MAE_lower_bound":1.0413932703,"MAE_upper_bound":4.0086289516,"ME":0.3925,"ME_lower_bound":-1.9322003925,"ME_upper_bound":2.5970257283,"R2":0.0934454222,"R2_lower_bound":0.0007034828,"R2_upper_bound":0.7775792488,"m":0.7222149046,"m_lower_bound":-1.1920601879,"m_upper_bound":2.7825193636,"kendall_tau":0.0769800359,"kendall_tau_lower_bound":-0.68,"kendall_tau_upper_bound":0.7272727273}}