ID,sid,RMSE,RMSE_lower_bound,RMSE_upper_bound,MAE,MAE_lower_bound,MAE_upper_bound,ME,ME_lower_bound,ME_upper_bound,R2,R2_lower_bound,R2_upper_bound,m,m_lower_bound,m_upper_bound,kendall_tau,kendall_tau_lower_bound,kendall_tau_upper_bound
AMOEBA/DDM/BAR,6,2.7627409397191047,1.8290206867072636,4.002856658077213,2.1237500000000002,1.3479935124493845,3.363336144790222,-1.685,-2.99774238941568,-0.4283117088387852,0.5046967638233594,0.12499659034744509,0.7784429956269051,1.2495810375298886,0.5373028350286134,2.0592545793139583,0.4666666666666666,0.1206896551724138,0.7431192660550457
FSDAM/GAFF2/OPC3,4,2.968465512684963,2.05695038347917,5.1560547085851605,2.23875,1.5652160828990744,4.240054437805968,0.4287500000000001,-1.6468541966837882,2.347325394818631,0.11776900639024335,0.0002952077483475942,0.5578396865059558,0.6016425823890216,-0.5333761666604853,1.592713067830808,0.235302425908485,-0.2212389380530973,0.6216216216216217
MD/DOCKING/GAFF/xtb-GNF/,5,5.6524253643900515,3.903299412324484,7.343632463090729,4.512499999999999,3.0224642368228842,6.364076349145757,-4.2275,-6.148355262100586,-2.2911974156840493,0.0029442776861607635,5.083427486470038e-05,0.24488246186807572,-0.1012371348373012,-1.0155898073292269,0.7748925766027177,-0.050421948408961074,-0.4054054054054055,0.33928571428571425
