{"AMOEBA\/DDM\/BAR":{"sid":"6","RMSE":2.7627409397,"RMSE_lower_bound":1.8290206867,"RMSE_upper_bound":4.0028566581,"MAE":2.12375,"MAE_lower_bound":1.3479935124,"MAE_upper_bound":3.3633361448,"ME":-1.685,"ME_lower_bound":-2.9977423894,"ME_upper_bound":-0.4283117088,"R2":0.5046967638,"R2_lower_bound":0.1249965903,"R2_upper_bound":0.7784429956,"m":1.2495810375,"m_lower_bound":0.537302835,"m_upper_bound":2.0592545793,"kendall_tau":0.4666666667,"kendall_tau_lower_bound":0.1206896552,"kendall_tau_upper_bound":0.7431192661},"FSDAM\/GAFF2\/OPC3":{"sid":"4","RMSE":2.9684655127,"RMSE_lower_bound":2.0569503835,"RMSE_upper_bound":5.1560547086,"MAE":2.23875,"MAE_lower_bound":1.5652160829,"MAE_upper_bound":4.2400544378,"ME":0.42875,"ME_lower_bound":-1.6468541967,"ME_upper_bound":2.3473253948,"R2":0.1177690064,"R2_lower_bound":0.0002952077,"R2_upper_bound":0.5578396865,"m":0.6016425824,"m_lower_bound":-0.5333761667,"m_upper_bound":1.5927130678,"kendall_tau":0.2353024259,"kendall_tau_lower_bound":-0.2212389381,"kendall_tau_upper_bound":0.6216216216},"MD\/DOCKING\/GAFF\/xtb-GNF\/":{"sid":"5","RMSE":5.6524253644,"RMSE_lower_bound":3.9032994123,"RMSE_upper_bound":7.3436324631,"MAE":4.5125,"MAE_lower_bound":3.0224642368,"MAE_upper_bound":6.3640763491,"ME":-4.2275,"ME_lower_bound":-6.1483552621,"ME_upper_bound":-2.2911974157,"R2":0.0029442777,"R2_lower_bound":0.0000508343,"R2_upper_bound":0.2448824619,"m":-0.1012371348,"m_lower_bound":-1.0155898073,"m_upper_bound":0.7748925766,"kendall_tau":-0.0504219484,"kendall_tau_lower_bound":-0.4054054054,"kendall_tau_upper_bound":0.3392857143}}