{"FSDAM\/GAFF2\/OPC3":{"sid":"12","RMSE":1.2314625451,"RMSE_lower_bound":1.3479623157,"RMSE_upper_bound":3.4299066259,"MAE":1.0066666667,"MAE_lower_bound":1.0666838904,"MAE_upper_bound":2.8855581492,"ME":0.4744444444,"ME_lower_bound":-0.88264803,"ME_upper_bound":1.8553279463,"R2":0.0362259101,"R2_lower_bound":0.0001202207,"R2_upper_bound":0.4655495099,"m":0.1667818447,"m_lower_bound":-1.3183509737,"m_upper_bound":1.695626,"kendall_tau":0.2259447965,"kendall_tau_lower_bound":-0.4068965517,"kendall_tau_upper_bound":0.5474452555},"Noneq\/Alchemy\/consensus":{"sid":"27","RMSE":1.6196244421,"RMSE_lower_bound":1.2061275252,"RMSE_upper_bound":2.1546092698,"MAE":1.3783333333,"MAE_lower_bound":0.9631721378,"MAE_upper_bound":1.9035269579,"ME":1.0794444444,"ME_lower_bound":0.4284186123,"ME_upper_bound":1.7097894838,"R2":0.0324751287,"R2_lower_bound":0.0001136864,"R2_upper_bound":0.3031086709,"m":0.1779623368,"m_lower_bound":-0.3258320317,"m_upper_bound":0.7348484317,"kendall_tau":0.0326797386,"kendall_tau_lower_bound":-0.3706293706,"kendall_tau_upper_bound":0.4520547945},"AM1-BCC\/MD\/GAFF\/TIP4PEW\/QMMM":{"sid":"15","RMSE":46.6181356579,"RMSE_lower_bound":22.8508184547,"RMSE_upper_bound":65.6926096863,"MAE":32.0016666667,"MAE_lower_bound":17.9152082808,"MAE_upper_bound":49.2236913704,"ME":31.265,"ME_lower_bound":16.8892385381,"ME_upper_bound":48.874906033,"R2":0.0432212212,"R2_lower_bound":0.0001580597,"R2_upper_bound":0.3339430809,"m":7.6167781425,"m_lower_bound":-3.3090846676,"m_upper_bound":30.7197998444,"kendall_tau":0.2360668426,"kendall_tau_lower_bound":-0.1267605634,"kendall_tau_upper_bound":0.5182481752}}