ID,sid,RMSE,RMSE_lower_bound,RMSE_upper_bound,MAE,MAE_lower_bound,MAE_upper_bound,ME,ME_lower_bound,ME_upper_bound,R2,R2_lower_bound,R2_upper_bound,m,m_lower_bound,m_upper_bound,kendall_tau,kendall_tau_lower_bound,kendall_tau_upper_bound
FSDAM/GAFF2/OPC3,12,1.2314625451064274,1.3479623156936593,3.4299066259062543,1.0066666666666668,1.0666838903940699,2.885558149165325,0.4744444444444443,-0.8826480299831354,1.8553279463262706,0.03622591013384152,0.0001202206841619427,0.46554950986486326,0.16678184465779797,-1.3183509737322006,1.6956260000493395,0.22594479646818835,-0.40689655172413786,0.5474452554744526
Noneq/Alchemy/consensus,27,1.6196244420646824,1.2061275251890768,2.1546092697834167,1.3783333333333332,0.9631721377775493,1.9035269579229102,1.0794444444444444,0.42841861229068123,1.7097894838058072,0.03247512873574063,0.00011368640792767394,0.30310867090214344,0.1779623367969001,-0.32583203165850383,0.7348484316790838,0.032679738562091505,-0.37062937062937057,0.452054794520548
AM1-BCC/MD/GAFF/TIP4PEW/QMMM,15,46.618135657941345,22.850818454664434,65.6926096863146,32.001666666666665,17.915208280808226,49.22369137045,31.265,16.889238538088623,48.87490603301334,0.043221221249957004,0.00015805974539127106,0.3339430808919708,7.616778142508083,-3.3090846675920207,30.71979984440759,0.23606684260939015,-0.1267605633802817,0.5182481751824817
