{"REF1 ChemAxon":{"file name":"REF00-logP-DanielleBergazin-1","category":"Empirical","type":"Reference","RMSE":1.0028550154,"RMSE_lower_bound":0.7837903245,"RMSE_upper_bound":1.2057174401,"MAE":0.85,"MAE_lower_bound":0.6331818182,"MAE_upper_bound":1.0809090909,"ME":0.46,"ME_lower_bound":0.0777272727,"ME_upper_bound":0.8231818182,"R2":0.3861030249,"R2_lower_bound":0.1064010229,"R2_upper_bound":0.6978451241,"m":0.9819539537,"m_lower_bound":0.4542268784,"m_upper_bound":1.5125441416,"kendall_tau":0.4025974026,"kendall_tau_lower_bound":0.0859728507,"kendall_tau_upper_bound":0.6756756757,"ES":0.0053988953,"ES_lower_bound":0.0,"ES_upper_bound":0.0560239213},"NULL0 mean clogP FDA":{"file name":"NULL0-logP-DanielleBergazin-2","category":"Empirical","type":"Reference","RMSE":1.1972335536,"RMSE_lower_bound":0.952668501,"RMSE_upper_bound":1.4173101925,"MAE":1.0095454545,"MAE_lower_bound":0.7445454545,"MAE_upper_bound":1.28,"ME":-0.9568181818,"ME_lower_bound":-1.2527272727,"ME_upper_bound":-0.65,"R2":9.958221073e-32,"R2_lower_bound":1.485351038e-34,"R2_upper_bound":4.962243845e-31,"m":3.894770908e-31,"m_lower_bound":-7.100358593e-31,"m_upper_bound":8.72103151e-31,"kendall_tau":null,"kendall_tau_lower_bound":null,"kendall_tau_upper_bound":null,"ES":0.0360480086,"ES_lower_bound":0.0,"ES_upper_bound":0.0767473732},"TFE b3lypd3":{"file name":"logP-EvrimArslan-6","category":"Physical (QM)","type":"Standard","RMSE":2.5514915424,"RMSE_lower_bound":1.6963905532,"RMSE_upper_bound":3.3185559565,"MAE":1.9554545455,"MAE_lower_bound":1.3040909091,"MAE_upper_bound":2.6618181818,"ME":1.3263636364,"ME_lower_bound":0.4404545455,"ME_upper_bound":2.2386363636,"R2":0.3968428949,"R2_lower_bound":0.0943132434,"R2_upper_bound":0.6600910475,"m":-1.4474032676,"m_lower_bound":-2.2052333173,"m_upper_bound":-0.6239108499,"kendall_tau":-0.4458874459,"kendall_tau_lower_bound":-0.7090909091,"kendall_tau_upper_bound":-0.1018518519,"ES":0.3424422387,"ES_lower_bound":0.0397303321,"ES_upper_bound":0.3398950676},"ClassicalGSG DB2":{"file name":"logp_DB2","category":"Empirical","type":"Standard","RMSE":4.2668761194,"RMSE_lower_bound":3.5404057292,"RMSE_upper_bound":4.9463071625,"MAE":3.9640909091,"MAE_lower_bound":3.3204545455,"MAE_upper_bound":4.6322727273,"ME":3.9640909091,"ME_lower_bound":3.3204545455,"ME_upper_bound":4.6322727273,"R2":0.5098518651,"R2_lower_bound":0.1761960666,"R2_upper_bound":0.8160489281,"m":-0.9746476828,"m_lower_bound":-1.44178042,"m_upper_bound":-0.4954905653,"kendall_tau":-0.5064935065,"kendall_tau_lower_bound":-0.7847533632,"kendall_tau_upper_bound":-0.1743119266,"ES":0.0,"ES_lower_bound":0.0,"ES_upper_bound":0.0},"TFE wet oct (GAFF\/TIP4P)":{"file name":"logP_AndrewPaluch_MD_2","category":"Physical (MM)","type":"Standard","RMSE":6.0666749917,"RMSE_lower_bound":5.2946181938,"RMSE_upper_bound":6.8494050837,"MAE":5.8054545455,"MAE_lower_bound":5.1104545455,"MAE_upper_bound":6.5663636364,"ME":5.8054545455,"ME_lower_bound":5.1104545455,"ME_upper_bound":6.5663636364,"R2":0.421809261,"R2_lower_bound":0.0965582044,"R2_upper_bound":0.7462619429,"m":-1.0888577872,"m_lower_bound":-1.7728491731,"m_upper_bound":-0.417886204,"kendall_tau":-0.4632034632,"kendall_tau_lower_bound":-0.7466063348,"kendall_tau_upper_bound":-0.1428571429,"ES":0.0356603956,"ES_lower_bound":0.0,"ES_upper_bound":0.045627587}}