{"AMOEBA\/DDM\/BAR":{"sid":"29","RMSE":1.0519505692,"RMSE_lower_bound":0.7829199409,"RMSE_upper_bound":2.1705693247,"MAE":0.788,"MAE_lower_bound":0.6130836148,"MAE_upper_bound":1.7632841567,"ME":-0.304,"ME_lower_bound":-1.1856482494,"ME_upper_bound":0.5446245064,"R2":0.8266462017,"R2_lower_bound":0.4279164578,"R2_upper_bound":0.9258675423,"m":1.1428317916,"m_lower_bound":0.6993868611,"m_upper_bound":1.7903152263,"kendall_tau":0.7846979774,"kendall_tau_lower_bound":0.38,"kendall_tau_upper_bound":0.9271336349},"RESP\/GAFF\/MMPBSA-Cor":{"sid":"20","RMSE":1.4484014177,"RMSE_lower_bound":1.0452756041,"RMSE_upper_bound":2.4724452797,"MAE":1.1626666667,"MAE_lower_bound":0.8195691915,"MAE_upper_bound":2.129137333,"ME":1.0186666667,"ME_lower_bound":0.1512622769,"ME_upper_bound":1.8974265241,"R2":0.7047729384,"R2_lower_bound":0.0278272805,"R2_upper_bound":0.8684212158,"m":0.6112381582,"m_lower_bound":0.1255935312,"m_upper_bound":1.0292365929,"kendall_tau":0.5741692518,"kendall_tau_lower_bound":0.0,"kendall_tau_upper_bound":0.8383838384},"xtb-GNF\/Machine Learning\/CORINA MD":{"sid":"28","RMSE":1.7724070262,"RMSE_lower_bound":1.1521606023,"RMSE_upper_bound":2.8263524368,"MAE":1.2706666667,"MAE_lower_bound":0.862995198,"MAE_upper_bound":2.3648522387,"ME":0.312,"ME_lower_bound":-0.7768231353,"ME_upper_bound":1.4467462012,"R2":0.173997122,"R2_lower_bound":0.0005565964,"R2_upper_bound":0.6085056185,"m":0.273862947,"m_lower_bound":-0.217677331,"m_upper_bound":0.86818075,"kendall_tau":0.3445015511,"kendall_tau_lower_bound":-0.2371134021,"kendall_tau_upper_bound":0.6701030928},"AMOEBA\/DDM\/BAR_2":{"sid":"30","RMSE":1.8896895689,"RMSE_lower_bound":1.2193225655,"RMSE_upper_bound":3.0503973721,"MAE":1.4126666667,"MAE_lower_bound":0.9210852875,"MAE_upper_bound":2.5111130844,"ME":-0.9926666667,"ME_lower_bound":-2.0964222259,"ME_upper_bound":0.0674157723,"R2":0.4260147112,"R2_lower_bound":0.0166140184,"R2_upper_bound":0.7802204192,"m":0.7000525155,"m_lower_bound":0.1161906323,"m_upper_bound":1.425129311,"kendall_tau":0.4976133515,"kendall_tau_lower_bound":-0.0204081633,"kendall_tau_upper_bound":0.8121932052},"AMOEBA\/DDM\/BAR_3":{"sid":"31","RMSE":2.0977066843,"RMSE_lower_bound":1.4770255028,"RMSE_upper_bound":3.152810549,"MAE":1.7306666667,"MAE_lower_bound":1.1467560639,"MAE_upper_bound":2.7407515723,"ME":0.2386666667,"ME_lower_bound":-1.0374905198,"ME_upper_bound":1.5357071739,"R2":0.5296369051,"R2_lower_bound":0.084111408,"R2_upper_bound":0.7897804251,"m":1.1764824532,"m_lower_bound":0.4561059142,"m_upper_bound":1.9103588102,"kendall_tau":0.4784743765,"kendall_tau_lower_bound":0.02,"kendall_tau_upper_bound":0.800044325},"B2PLYPD3\/SMD_QZ-R":{"sid":"23","RMSE":3.9181619841,"RMSE_lower_bound":2.5333468331,"RMSE_upper_bound":5.4653929956,"MAE":3.0046666667,"MAE_lower_bound":1.8493048123,"MAE_upper_bound":4.5712822074,"ME":1.8406666667,"ME_lower_bound":-0.0276109631,"ME_upper_bound":3.7730217853,"R2":0.2851023069,"R2_lower_bound":0.0236482229,"R2_upper_bound":0.6097174084,"m":1.1716446322,"m_lower_bound":0.2910841966,"m_upper_bound":2.2315201063,"kendall_tau":0.3512571265,"kendall_tau_lower_bound":-0.0625,"kendall_tau_upper_bound":0.6565656566},"FSDAM\/GAFF2\/OPC3":{"sid":"14","RMSE":4.5681498808,"RMSE_lower_bound":3.283742188,"RMSE_upper_bound":7.6213104638,"MAE":4.17,"MAE_lower_bound":2.6331404508,"MAE_upper_bound":6.5621316954,"ME":-0.3993333333,"ME_lower_bound":-3.5385552744,"ME_upper_bound":2.5477913865,"R2":0.0404566342,"R2_lower_bound":0.0001302024,"R2_upper_bound":0.4829679431,"m":-0.4115268902,"m_lower_bound":-1.6769295374,"m_upper_bound":1.6997503306,"kendall_tau":-0.0485459773,"kendall_tau_lower_bound":-0.5555555556,"kendall_tau_upper_bound":0.4105263158},"RESP\/GAFF\/MMPBSA\/Nmode":{"sid":"18","RMSE":5.2554619207,"RMSE_lower_bound":4.2590282418,"RMSE_upper_bound":6.4713639433,"MAE":4.9613333333,"MAE_lower_bound":3.8877932748,"MAE_upper_bound":6.1204868765,"ME":-4.9613333333,"ME_lower_bound":-6.1197806203,"ME_upper_bound":-3.8764102488,"R2":0.6817082327,"R2_lower_bound":0.244596849,"R2_upper_bound":0.8797327254,"m":1.296089299,"m_lower_bound":0.7049481095,"m_upper_bound":2.0156567697,"kendall_tau":0.6124472019,"kendall_tau_lower_bound":0.1836734694,"kendall_tau_upper_bound":0.8736842105},"B2PLYPD3\/SMD_TZ":{"sid":"22","RMSE":6.7034513499,"RMSE_lower_bound":3.6441393487,"RMSE_upper_bound":9.7778093505,"MAE":4.8446666667,"MAE_lower_bound":2.7398959444,"MAE_upper_bound":7.5476383289,"ME":3.094,"ME_lower_bound":0.125253644,"ME_upper_bound":6.3055050066,"R2":0.3024248149,"R2_lower_bound":0.0383628319,"R2_upper_bound":0.6585099819,"m":2.0031328735,"m_lower_bound":0.6151328172,"m_upper_bound":3.7394555475,"kendall_tau":0.3827795012,"kendall_tau_lower_bound":-0.0412393049,"kendall_tau_upper_bound":0.7142857143},"B2PLYPD3\/SMD_QZ-NR":{"sid":"24","RMSE":6.7844031916,"RMSE_lower_bound":3.4308310538,"RMSE_upper_bound":10.404424836,"MAE":4.7113333333,"MAE_lower_bound":2.5799287527,"MAE_upper_bound":7.6917058803,"ME":2.614,"ME_lower_bound":-0.4236035091,"ME_upper_bound":6.0756749455,"R2":0.2871728317,"R2_lower_bound":0.0347905805,"R2_upper_bound":0.6603216807,"m":2.036874586,"m_lower_bound":0.6305368262,"m_upper_bound":4.1151452663,"kendall_tau":0.3980770142,"kendall_tau_lower_bound":-0.0309278351,"kendall_tau_upper_bound":0.7171717172},"B2PLYPD3\/SMD_DZ":{"sid":"21","RMSE":7.1172180895,"RMSE_lower_bound":5.2717788939,"RMSE_upper_bound":8.9611521675,"MAE":6.1566666667,"MAE_lower_bound":4.3176005725,"MAE_upper_bound":8.112923911,"ME":5.4406666667,"ME_lower_bound":2.961737278,"ME_upper_bound":7.7905612859,"R2":0.250578162,"R2_lower_bound":0.0062441771,"R2_upper_bound":0.6171876,"m":1.4094925601,"m_lower_bound":0.0005431229,"m_upper_bound":2.4904803615,"kendall_tau":0.3365384615,"kendall_tau_lower_bound":-0.1020408163,"kendall_tau_upper_bound":0.625},"RESP\/GAFF\/MMPBSA":{"sid":"19","RMSE":8.6596685849,"RMSE_lower_bound":7.5433989349,"RMSE_upper_bound":9.8348373624,"MAE":8.4793333333,"MAE_lower_bound":7.3156568215,"MAE_upper_bound":9.6229117777,"ME":8.4793333333,"ME_lower_bound":7.3156568215,"ME_upper_bound":9.6229117777,"R2":0.7045911596,"R2_lower_bound":0.1600942318,"R2_upper_bound":0.9110774554,"m":1.355576881,"m_lower_bound":0.6950996172,"m_upper_bound":1.8205071521,"kendall_tau":0.5741692518,"kendall_tau_lower_bound":0.1739130435,"kendall_tau_upper_bound":0.8762886598},"AM1-BCC\/GAFF\/MMPBSA":{"sid":"17","RMSE":10.6694223524,"RMSE_lower_bound":9.1312946344,"RMSE_upper_bound":12.1588734032,"MAE":10.288,"MAE_lower_bound":8.6358359005,"MAE_upper_bound":11.8859659731,"ME":10.288,"ME_lower_bound":8.6358359005,"ME_upper_bound":11.8859659731,"R2":0.6310720317,"R2_lower_bound":0.1307102238,"R2_upper_bound":0.9045107093,"m":1.740572362,"m_lower_bound":0.88005129,"m_upper_bound":2.3769407789,"kendall_tau":0.5741692518,"kendall_tau_lower_bound":0.1938876454,"kendall_tau_upper_bound":0.8757908347},"RESP\/GAFF\/MMGBSA":{"sid":"16","RMSE":11.4322094686,"RMSE_lower_bound":10.1115259078,"RMSE_upper_bound":12.7910658431,"MAE":11.188,"MAE_lower_bound":9.7779481467,"MAE_upper_bound":12.5597028748,"ME":11.188,"ME_lower_bound":9.7779481467,"ME_upper_bound":12.5597028748,"R2":0.5146987506,"R2_lower_bound":0.0366898374,"R2_upper_bound":0.8665513556,"m":1.2731542717,"m_lower_bound":0.3742840759,"m_upper_bound":1.8867502082,"kendall_tau":0.5167523266,"kendall_tau_lower_bound":0.0816326531,"kendall_tau_upper_bound":0.8437957801},"Docking\/GAFF\/YANK_REF":{"sid":"REF4","RMSE":null,"RMSE_lower_bound":null,"RMSE_upper_bound":null,"MAE":null,"MAE_lower_bound":null,"MAE_upper_bound":null,"ME":null,"ME_lower_bound":null,"ME_upper_bound":null,"R2":null,"R2_lower_bound":null,"R2_upper_bound":null,"m":null,"m_lower_bound":null,"m_upper_bound":null,"kendall_tau":null,"kendall_tau_lower_bound":null,"kendall_tau_upper_bound":null}}