ID,name,category,type,RMSE,RMSE_lower_bound,RMSE_upper_bound,MAE,MAE_lower_bound,MAE_upper_bound,ME,ME_lower_bound,ME_upper_bound,R2,R2_lower_bound,R2_upper_bound,m,m_lower_bound,m_upper_bound,kendall_tau,kendall_tau_lower_bound,kendall_tau_upper_bound,ES,ES_lower_bound,ES_upper_bound
sga28,Xiaoyu Ding,Empirical,Standard,0.3026983907943247,0.20214637739701624,0.3928170861328397,0.2321052631578948,0.14894736842105283,0.3242105263157895,-0.07947368421052635,-0.21526315789473702,0.04684210526315797,0.2462525297325322,0.013240049971382168,0.5857968431285503,0.11351370182387256,0.023408921724791847,0.2113865309879315,0.25230800376163204,-0.11987918546720382,0.5576895748539298,1.319259775752767,1.207761294510832,1.411379064380916
qwo91,Xiaoyu Ding,Empirical,Standard,0.5495883627052638,0.4214074163162245,0.6591501705745216,0.4678947368421053,0.338421052631579,0.5963157894736841,0.3542105263157895,0.16105263157894725,0.5378947368421052,0.056250197588481037,0.00023796461705234904,0.2857233644768847,0.26362544953666245,-0.124470806552796,0.7041135530890166,0.12352941176470586,-0.18412791195956602,0.40978784889415865,1.0330760661361034,0.8485169067025718,1.216160547554359
