{"sga28":{"name":"Xiaoyu Ding","category":"Empirical","type":"Standard","RMSE":0.3026983908,"RMSE_lower_bound":0.2021463774,"RMSE_upper_bound":0.3928170861,"MAE":0.2321052632,"MAE_lower_bound":0.1489473684,"MAE_upper_bound":0.3242105263,"ME":-0.0794736842,"ME_lower_bound":-0.2152631579,"ME_upper_bound":0.0468421053,"R2":0.2462525297,"R2_lower_bound":0.01324005,"R2_upper_bound":0.5857968431,"m":0.1135137018,"m_lower_bound":0.0234089217,"m_upper_bound":0.211386531,"kendall_tau":0.2523080038,"kendall_tau_lower_bound":-0.1198791855,"kendall_tau_upper_bound":0.5576895749,"ES":1.3192597758,"ES_lower_bound":1.2077612945,"ES_upper_bound":1.4113790644},"qwo91":{"name":"Xiaoyu Ding","category":"Empirical","type":"Standard","RMSE":0.5495883627,"RMSE_lower_bound":0.4214074163,"RMSE_upper_bound":0.6591501706,"MAE":0.4678947368,"MAE_lower_bound":0.3384210526,"MAE_upper_bound":0.5963157895,"ME":0.3542105263,"ME_lower_bound":0.1610526316,"ME_upper_bound":0.5378947368,"R2":0.0562501976,"R2_lower_bound":0.0002379646,"R2_upper_bound":0.2857233645,"m":0.2636254495,"m_lower_bound":-0.1244708066,"m_upper_bound":0.7041135531,"kendall_tau":0.1235294118,"kendall_tau_lower_bound":-0.184127912,"kendall_tau_upper_bound":0.4097878489,"ES":1.0330760661,"ES_lower_bound":0.8485169067,"ES_upper_bound":1.2161605476}}